X	Y	PC(38:1)	PA(44:0)	PC(38:0)
0	0	9850.659948645945	2152.1696606158184	1276.1568138163882
0	1	11276.013788862207	2705.4011043108635	868.6858462425945
0	2	12083.512544850388	1776.762477703451	1327.1677502746168
0	3	10068.476227934712	1463.4306851657495	826.2954384764831
0	4	13508.219524192284	1821.1327862255423	813.623409326874
0	5	6866.657109601269	1662.48444540545	1288.114546207325
0	6	10898.280595670378	2596.324988157391	620.4061657272641
0	7	17245.98836537122	2022.0580868046195	967.0687874367517
0	8	13124.560199414884	2790.984650272119	949.6878394534732
0	9	10727.553146235658	1958.8292937556644	1214.5168706992313
0	10	10424.79657178897	1608.9695303386704	1194.0160212146757
0	11	12956.603118364314	2138.4706517844834	415.2757632212443
0	12	11536.129782324346	2068.4150565019945	1051.3906560447506
0	13	9814.169390594223	2215.612255498302	1657.2524274054747
0	14	9239.010853939726	1729.2344115242863	973.9294469519444
0	15	7655.881126520316	2461.9118925369316	791.8118219982629
0	16	9799.863953753196	1608.8944716999795	943.7343996817442
0	17	8169.915887148635	2121.3076187836605	935.9308226054777
0	18	9184.478553043482	1608.6018384301542	890.0433978371207
0	19	9537.790625963664	2073.2282255656237	1024.6526202040195
0	20	935.5605006098657	4452.413426342016	770.3397152302889
0	21	-0.0	4973.2620166844235	1063.6432274238482
0	22	1119.3094399314857	3411.937328169964	709.2053065257568
0	23	1255.0675979151163	4166.319571307606	688.9278220366497
0	24	1140.5019952464172	3456.6673579697294	1049.7862626838403
0	25	739.6382272901369	4407.672987070906	936.3486080554815
0	26	1338.0133056940815	4911.173511764786	1032.5909493332297
0	27	944.9432935458568	4684.240472118946	808.1504750847419
0	28	1178.938837733087	4575.222172730771	1217.5683290897236
0	29	1445.2151892008978	3827.45956170506	1010.7055301143903
0	30	901.5315879844582	5107.040329897567	536.0228118292131
0	31	836.6638212600005	5665.737714401852	1297.1883346824582
0	32	1073.8848659572263	3288.766094987088	681.2254189293152
0	33	860.0539315809849	5221.558458835084	809.0238447009167
0	34	887.0252087043473	3696.2811504691895	1146.0271953357303
0	35	1120.146631523606	5064.619237288791	302.9652954096368
0	36	805.155059367824	3285.0788173520273	814.4807608002188
0	37	1776.713498338798	4076.9305153820055	933.6762083319726
0	38	1403.6836272165167	4542.222133653283	853.3695548201849
0	39	1025.1072074081756	5571.355969505383	988.2695784342349
1	0	12146.664170528704	2041.182932510378	1015.4452386522323
1	1	8898.733030620677	1410.9262683973363	1138.3737777674096
1	2	9239.056618711173	2268.770605863973	1165.0828201289582
1	3	10398.201740018716	1997.2827182009305	1320.4008013203409
1	4	13731.972882530306	2927.4858341368918	1034.73727997324
1	5	9422.852904652407	1577.003605078607	1148.927144817274
1	6	8771.266105585755	2069.5665851826166	1015.2542483748014
1	7	10191.4996393494	1883.8943783785608	1006.5872704134425
1	8	9181.230063417279	1490.7379821474938	1326.5670033575423
1	9	7907.870014134207	2352.7521895834	-0.0
1	10	11851.403618930399	1520.5656485405923	937.6579887913122
1	11	10377.62797151734	2218.7787063169662	1361.7531692146397
1	12	9802.402870811773	1958.674853238062	512.4606333290225
1	13	12408.6771462213	2733.7228967646015	789.714739557771
1	14	8530.610287338332	2511.0758801361812	818.9431073716604
1	15	9842.163559580395	1845.9078088568037	1045.01162938682
1	16	8603.599608401284	2468.684505228461	1162.615331577651
1	17	9509.331883712113	2141.66512917107	1065.8358124591248
1	18	7308.307945304547	1505.7827746121404	877.4444313496153
1	19	11512.976412256354	1759.478384774687	1023.7214225667943
1	20	1148.4186942999263	4402.4169972522495	1023.7044688998113
1	21	1441.1049874632815	3720.793379333984	1004.2674850894359
1	22	1205.5153354798192	4134.056212689633	798.6552184098867
1	23	1092.1504192209854	5513.599295659805	334.0540761249998
1	24	1182.0877113008783	3302.831960882466	1482.280874149827
1	25	998.2221671287896	3243.830134189391	809.4815916843198
1	26	1023.7332428401204	3674.629265527024	965.2931267960146
1	27	1293.5669529148943	5144.285213295859	920.8637850444854
1	28	901.8220361444661	3878.6218881954496	768.1600693015831
1	29	886.2080397028187	3691.1581009429597	1003.773370401388
1	30	842.4441851376258	4330.390841855781	782.2423149769955
1	31	1513.2608475788236	4396.4481871004455	1173.2323550752674
1	32	897.6606006290209	4590.719837291922	1018.2520627935726
1	33	806.7666360977274	5044.420429748678	802.7525408047798
1	34	882.6778371971545	3838.993922444949	1212.1116111123767
1	35	1366.1721965810211	3797.3779139562316	461.19274244299595
1	36	932.0908436932116	3164.299440563821	1192.0528336503796
1	37	1161.4711100599068	3624.8496107836745	959.0169384233665
1	38	1132.3661706710673	4812.450797756762	1144.066140082787
1	39	1079.0656651787544	4599.453425997884	1336.4680732323714
2	0	11027.046100048416	1996.567862711203	1508.9281435555372
2	1	8734.441005551467	2113.5456399068257	1137.4034541266676
2	2	9084.788144881133	1992.2621237068934	1043.9413299476882
2	3	9086.380176067072	1758.0814740373394	1389.6683080599237
2	4	13714.608863438883	2365.6049465596284	1107.3627436667873
2	5	12577.646016896539	2896.0070306892258	540.2086631764633
2	6	11570.898744421258	1901.4653243766559	428.05055121913216
2	7	8288.448978005388	3045.9128019419563	694.9578561824958
2	8	6787.939250679081	2780.759396260033	545.5235446430089
2	9	10552.259484319417	2088.2258076169405	1120.513883386977
2	10	9893.521879058175	2228.088066810639	760.4418199343918
2	11	11673.081553016842	2189.8356606472043	1446.5261489806974
2	12	11596.873671811398	2082.2787586097284	1076.9353582494393
2	13	12468.929897167656	1745.946065017201	1275.7905307027158
2	14	13937.348689558354	2111.7447330477717	1016.1020715008334
2	15	10944.051388861753	1593.9829915953653	747.9399133049559
2	16	9662.787002214718	1823.9135140207432	1035.3083614783181
2	17	8385.640434290852	2082.458112665503	1050.079649028405
2	18	10790.661686201032	2048.029669460718	638.4331597453786
2	19	11018.075368196396	2669.254179786523	1014.7125811643816
2	20	1188.7186781866867	5046.360864892137	933.1652863715111
2	21	804.1310280928182	4840.575741862083	475.59332072442385
2	22	1270.8024905542436	5761.1613433064085	1044.1025140393713
2	23	775.878316379942	3420.412736170655	904.3146349642794
2	24	694.6505224968358	4081.8084559466583	1047.6416166316346
2	25	1105.4794595340572	3820.593706116389	1104.9662106898006
2	26	718.6356531323304	5677.122924734266	874.7639470283445
2	27	949.5483450007056	4676.985423527564	945.317328087087
2	28	934.7370002557752	4358.028076596153	759.9883611081672
2	29	1428.3533560700494	4010.822256128125	947.5568655939379
2	30	907.3211684187326	4597.482236593894	1229.9858788452555
2	31	1001.6229058586532	4265.883801700126	756.3416147232173
2	32	1288.9442015119562	4576.159834154997	1169.4455412162931
2	33	887.3059317014721	2895.481417654069	497.88194532342345
2	34	1274.2459298443155	4117.653880982961	717.5333799377321
2	35	1057.021201345017	3508.5805503524157	973.8743558590845
2	36	750.5774804855175	3802.3456900066963	829.4624469322521
2	37	1517.0632153465826	3388.7124098059594	793.2210416050066
2	38	931.3852920717147	2388.770040218104	916.5313979734839
2	39	1087.4515385485026	4310.246498773323	1311.4425268011469
3	0	12210.2652393761	2184.2406681374673	680.103579869868
3	1	8992.597337251651	2517.629929535907	978.8325559786892
3	2	11423.032610139318	2699.257064066224	1215.7642460798008
3	3	7362.909952699698	1628.5825394910082	878.186279902288
3	4	9401.399078217737	2229.3134500581887	1362.4123571781727
3	5	7211.856093250733	2335.139052055952	821.1759009445781
3	6	8260.279633243552	2595.65590759386	918.3924321981693
3	7	10413.231467762089	1781.254864658927	1151.2796442113436
3	8	10320.383666388223	2082.546774013553	1206.118085691552
3	9	9259.774295609352	2136.717816614315	1275.4182532888487
3	10	9734.333180605454	2122.4677523499304	903.1343155739294
3	11	11555.20719435101	1820.2905964012875	1218.9653215755766
3	12	7950.466346479167	1760.5612309658684	1035.8474171599469
3	13	10016.439630259752	3683.3543866718296	18.167315350117335
3	14	10208.652988143112	1902.9650938070656	811.892209961284
3	15	10072.04081091299	2039.8736334112584	1150.6965909044427
3	16	9259.457832365924	1779.5191566553062	1605.592397714568
3	17	10466.539884092039	1304.6768963111747	1179.2732859297619
3	18	7959.024722051779	1675.8010781643172	607.3766816246449
3	19	9677.762547061006	1827.4511495712882	863.4996397169404
3	20	667.982155245303	4996.1513250113885	776.7036074540983
3	21	978.2577490995286	3189.1891797566914	436.5914108258597
3	22	1209.8319757957577	5387.767923271894	816.936193897333
3	23	910.0355162459612	3428.5011344960617	742.255123769885
3	24	816.8770588252056	4441.25188228061	802.4852737162288
3	25	1315.126673915839	3659.379583461986	1147.4048424878956
3	26	745.6964281872387	4249.4850820321135	891.0613911990135
3	27	767.808605147009	5136.108690319028	1346.76832260966
3	28	891.3209678131429	2099.369218833158	1195.779269034988
3	29	1348.4431506766016	5463.144840743066	1241.3369598251902
3	30	1189.7037215712962	5299.916073397801	1029.327166309269
3	31	1308.4278589613607	3958.293228408087	-0.0
3	32	1122.9252759771127	3919.5584153209106	529.0167811025757
3	33	1466.5002296204761	5134.127960751542	967.1375497253147
3	34	936.1156494906492	4217.768979250134	1079.470292183981
3	35	1043.6534180843596	3489.3585233732515	764.1391565172693
3	36	707.7015558530562	3016.59785070851	817.8855289117272
3	37	1052.0469110449928	4204.53985594819	724.1301130574617
3	38	770.4587819667664	6134.456081682783	1053.1225893484468
3	39	1178.1088738641129	3070.2944569768015	905.53145591893
4	0	12009.908665645824	1611.3062511704852	1254.7173621800503
4	1	9723.1237067853	1997.7600428569758	296.7966176347031
4	2	11734.336197426535	2270.4626276638137	468.3372855132237
4	3	10192.28435080895	1838.2654230007172	447.18962445239754
4	4	15209.919139282285	2135.4045248983944	986.7576743364976
4	5	9329.298076528225	2467.4162984595946	767.3276450944059
4	6	7579.853320007556	2148.0812190797596	1097.861030800173
4	7	13134.993714496137	1821.663841396025	1337.9222804786828
4	8	6398.70545103544	2422.2893464226877	1131.148242437513
4	9	12318.923230331344	1623.1935133509428	711.3641390895572
4	10	11806.506926939639	2476.4139084495932	-0.0
4	11	11890.250048880791	2083.559067255764	765.9087360774744
4	12	13756.379232307741	1629.9447407305706	893.4810858549888
4	13	9965.997397891444	2036.5032960245717	1559.4420085857205
4	14	8093.975884327578	1339.7524596588903	1274.8750915054943
4	15	10511.061620549463	2488.959557925816	1045.980299550032
4	16	9699.770563065196	1915.6021842271202	968.5629370079336
4	17	9075.160664788356	2424.608023819943	1216.74012455581
4	18	12477.115576253953	1852.3861926645827	172.4875323973588
4	19	7102.164472545172	2095.0948724547466	953.4851899351547
4	20	1039.0516742989819	3013.788671594095	920.6420319936595
4	21	950.6932235074759	4727.048895663113	1277.204843029635
4	22	1260.4049960286577	4446.64607676482	899.6698390402954
4	23	1188.7294231408061	3600.25527579559	822.9457266991129
4	24	1236.1948371944889	3785.3532558421934	894.89983117005
4	25	1046.1886618818346	4448.664123684798	1034.1569552826636
4	26	959.9161361843784	3552.2725464986797	776.4957868571381
4	27	1239.9457644461963	3904.343666610998	639.4442943247448
4	28	1087.2945939898952	4642.203671360913	1145.5126240599043
4	29	1396.1739405855444	6148.3854826589	1230.7820910927169
4	30	905.2621156274776	4125.116965184906	1097.7662626264569
4	31	1329.35840060267	5073.930329208098	1145.082200534996
4	32	742.3284721241598	2810.0518728032666	709.5556947897068
4	33	1087.2963827298565	4456.603473677443	801.4269318739966
4	34	1025.6909977695368	4877.400937220624	918.9777603527176
4	35	1391.4875106908607	4114.849585369218	971.3753627007944
4	36	1164.1351792783657	4758.574469972191	914.5743503260434
4	37	1089.8779700699235	3994.1199628301997	1180.1840771901268
4	38	1626.5629431225495	3799.307454492073	1246.6334194523636
4	39	1277.8152259010812	5140.890739923517	979.8775668603141
5	0	11091.370080292627	1270.3317371634432	552.3333873705651
5	1	11443.109665873322	2260.029236012672	1097.1734553914503
5	2	8741.306495482073	2640.5716247714986	47.56465096822165
5	3	9416.264349385305	2198.21788726779	1383.5988097324039
5	4	6526.844403208335	2155.261490840133	875.7040006013314
5	5	12348.940210814493	1887.1590138218419	762.849033025881
5	6	16205.614013641192	2599.9856163287955	891.0788389341819
5	7	11956.086049858446	1884.4391553381745	1067.8576285331487
5	8	7638.133308558304	2460.1943125737457	643.1174447688169
5	9	11521.592180074855	2987.674658771602	756.7985511607976
5	10	10786.989484603268	1717.7792224071138	1199.9711015740427
5	11	8381.073478309456	2409.2797037554656	1119.7255963778064
5	12	9613.975416672914	2213.3215947757567	978.8243118084646
5	13	10937.366340000264	2155.774555779645	920.5733073538283
5	14	13643.01360700875	1885.69478581068	1254.1363198789443
5	15	13083.168528303075	1586.5603217488306	1088.7563881209323
5	16	11623.126968224715	1361.3260582790379	1243.7401803928974
5	17	11230.577054323054	1653.3404173140862	1200.4690812484753
5	18	8162.827062336002	1923.7902819927544	937.7637339039023
5	19	12822.897099791027	2115.904685373715	1488.0176572792411
5	20	1011.6163793089576	3804.840568209378	823.8694438321144
5	21	1082.5437961004054	2632.522946169853	1722.303396252097
5	22	1219.680773775876	5359.611762510651	1149.5892983032534
5	23	972.4898188078824	4245.687993737261	710.5897743220036
5	24	1436.5136820242287	3769.5411971444323	1387.1657701010283
5	25	1147.1816282654263	3056.4796983283245	648.3621790839051
5	26	974.6719347114155	4234.065223063398	1388.8003105156643
5	27	1111.0554005372846	4891.210013705732	953.828865445422
5	28	1061.5084412972947	4672.362411389352	951.6003851081492
5	29	914.9616129560363	4356.506431731018	836.5791020694548
5	30	1018.5223060304834	5099.470091498574	989.5550616463721
5	31	1273.0537911202716	4121.525837160446	1347.4980221570302
5	32	897.7456145540223	3080.4811913866674	1217.1711846071428
5	33	1010.4942982315926	3397.5089675027907	915.1794417538534
5	34	1142.8325589759736	5406.630304432743	1058.0236705753528
5	35	1088.930265664749	3397.1415427487373	1088.3045747483338
5	36	1086.886616272825	4901.9201499672645	654.6080906137466
5	37	1440.2420875989121	4583.499112191856	1122.4828866709402
5	38	784.105786644744	4073.6408104212956	1232.1075377494694
5	39	1052.500536406919	4441.86912129737	1022.8679089208327
6	0	11482.276236694708	2628.086368912302	920.510318873752
6	1	9015.212941615726	2602.371603026756	781.0964439780128
6	2	8824.992188453494	2055.8941903070095	899.5213618361201
6	3	12388.51715462504	2032.660801158203	1282.4157856977006
6	4	11102.953147374175	2236.1473883700355	877.923671767028
6	5	12169.171284842265	2186.459806635803	1616.400205586386
6	6	12526.166117839415	1862.5879317144506	850.8088335604021
6	7	12308.858439490723	1574.1030346083812	717.9635700250917
6	8	7613.87727826709	1270.0979042974006	1042.5703052872584
6	9	11646.197146516723	2111.724367047294	1115.1503634106905
6	10	7964.288740693641	2620.748893088684	655.978928425017
6	11	9813.196009352947	2258.2850429364644	441.90593032283715
6	12	9720.16482661406	1577.1986648077734	1047.0452464855798
6	13	13654.065952465926	2167.582758465449	655.4194555580424
6	14	12165.64338756327	2136.282552127635	853.1914794285725
6	15	14508.049923574192	2216.54099768053	883.3054002545323
6	16	13789.249885561832	3171.477472114087	135.97527164250445
6	17	11379.534936596077	2622.1860510248034	1089.9166266620184
6	18	9738.86564542493	1636.191921700053	971.3059445013413
6	19	9617.144621119023	1764.554369220397	990.9367218382351
6	20	776.782365516436	5099.006105887348	827.5115449120423
6	21	1272.2318504906557	3608.593067065857	1376.717407561669
6	22	1365.672596380857	4891.552008812198	249.14613997496778
6	23	1383.63015325342	4632.479576344778	1037.6314035641908
6	24	877.0594656276678	6132.754264810099	970.326721048665
6	25	1406.7163825383	5497.066168612645	857.5648877448024
6	26	1323.134211968725	4621.8226100852635	894.1175780699335
6	27	914.8927193619379	3655.02962493181	813.3042382935911
6	28	1138.739533141882	4370.024059683743	1092.584360444188
6	29	988.5411329453401	2447.524488852267	1017.5478427282334
6	30	909.3918863187681	2813.4810444865448	1116.635765802354
6	31	1110.569996475419	4212.61712287412	794.3879975601789
6	32	1063.6022944330136	3795.195745248818	231.39859182159609
6	33	1396.4944492117982	3513.622458762566	1020.3905059165089
6	34	1377.598492480603	4567.912980899428	889.5860459116086
6	35	974.6306704114336	2550.3226737073996	1341.2537711666753
6	36	1044.988649520139	4759.717719587133	668.00615084871
6	37	1077.8913510753139	2623.6171181531704	1144.6950812805178
6	38	1180.2966140441745	4087.4146231045916	1123.134793857065
6	39	938.6447078983625	2902.463352503232	1345.5060060108651
7	0	9393.714721113507	2781.4070891241045	586.6713808137628
7	1	8090.294123914518	2594.973398395148	940.925114980909
7	2	11389.56931183539	3262.558126985676	1378.1901199758058
7	3	10752.275899470113	2198.3768288311053	1282.0713330004323
7	4	12985.149433870378	1313.7860998036642	1307.084836389124
7	5	6683.66262998062	2592.8551608520074	827.6791164701021
7	6	9354.322002319966	2156.0629263211604	784.4186724382918
7	7	9714.885278256565	1815.9323820261084	1206.4600194679217
7	8	9632.029865712784	1673.7503432227218	745.9921126247419
7	9	12316.660338451753	3067.467489184572	699.8572821641153
7	10	11623.969745488454	1939.1177126085347	1527.7985507246642
7	11	9709.87917171674	1534.3994490605824	848.2750524384167
7	12	12361.048935020044	1961.578270551764	972.1645940003523
7	13	11912.995158459527	2020.3619538778175	1235.688205623299
7	14	14888.908713738036	2138.5682508324185	1071.5787236917395
7	15	11817.526317797134	2812.224073872361	974.2458856238487
7	16	8020.722628284512	1614.9785856801777	1035.2563401719394
7	17	10690.927222557608	2095.335630440272	991.7395478886704
7	18	10622.899496048316	2002.7125081203237	917.4577669908383
7	19	8358.892610320347	1326.2889219989595	884.3162064172551
7	20	1239.3509976715702	3947.5799399389716	551.9334089547383
7	21	1062.9243926026265	4003.8830846612054	655.6513245897429
7	22	968.0142793230104	3308.7203544167955	1418.4680550491892
7	23	835.6414403271051	4353.429010097247	874.0770478784253
7	24	765.6128662211232	5396.696993115925	1022.9168527035162
7	25	1389.5595684428008	4034.9985294703683	985.7787661180986
7	26	754.7856040676111	4375.832628117638	937.1844690755826
7	27	1210.3171074137765	4428.935585537241	837.1887229470923
7	28	638.2590346781104	3179.8094118911426	744.5257816942573
7	29	966.5075413352808	2521.266953870564	876.339811264964
7	30	733.6727294755168	3076.717004851114	771.8870662626542
7	31	1019.6712745561668	5735.477653925522	1509.148128542677
7	32	894.2077474530265	4056.011144650378	789.5556153285257
7	33	1210.0242242805825	4682.158629722169	1111.0192279889009
7	34	1032.1028520639488	5273.919883922236	335.84292596303527
7	35	987.573981281075	2879.9942367368053	1131.487844799445
7	36	1290.1976746524297	5738.851296798809	1089.1288521528504
7	37	1297.5412952732372	3747.100018741498	712.008868259887
7	38	1511.2327854408802	3052.0567271215264	1080.2085294411506
7	39	1426.703454446191	4425.624932512706	1032.8088182406498
8	0	11023.633320957877	1888.4670538665393	1050.9617954771581
8	1	9221.265252860296	2283.8204646549093	968.0006093730998
8	2	11431.390369265211	2000.0922337006134	862.7541657530538
8	3	7679.980269387782	2661.263411544968	918.007459765559
8	4	12015.899531692385	1643.8696787800382	1115.0047162849369
8	5	10865.11814803669	1382.1356948751802	1431.1681237641367
8	6	9063.667369808849	2294.38441406387	1231.7718779639138
8	7	9512.324015711136	2276.741598574096	1068.9267089447194
8	8	12373.613900247845	1426.4337015567771	856.941015136834
8	9	9304.452038500342	1663.4504865587949	646.4958435095793
8	10	7842.220180475548	2348.301934863418	728.3774716955384
8	11	10862.451854955627	2759.418366642396	1134.92425704448
8	12	6287.986025098243	1796.8949343457841	1028.2704730688777
8	13	6094.59469946819	2944.7533347921394	832.745679144412
8	14	8395.628386586168	2287.224651744959	873.2220708252637
8	15	8765.878305830585	1541.9581016108655	1430.4116370186362
8	16	9714.602088376298	2009.590491828984	1072.4248161516368
8	17	7962.668124719078	2290.3887741842686	677.7829968262794
8	18	10508.476350394536	1288.2409021627482	978.4020655791649
8	19	12354.610130000938	2582.660691030714	629.8792610578639
8	20	831.4430888382299	4709.6293465896615	421.59905383062807
8	21	1618.7840482527197	3846.7038894783645	1024.4852111900066
8	22	881.2673970358836	3758.3751030175104	724.2187059646036
8	23	928.325099189694	4929.700439081327	778.7991309586941
8	24	620.7962216383813	3950.374963474724	766.6910315089098
8	25	897.4795081735698	3710.639396016172	800.2892821694971
8	26	765.4787750985942	5579.711048848647	618.574006299836
8	27	1000.2810153910456	5247.66590667107	1202.984362440243
8	28	1180.3130332683106	4373.254755857436	1035.5800928552087
8	29	808.0896117839059	4240.138619300828	1103.2589503865663
8	30	1237.9289993353127	5944.806689537379	1132.978915347189
8	31	754.6962211327469	4901.185934272604	1155.009961451696
8	32	1024.1913098210528	5118.775048862485	1654.9206494079715
8	33	944.3435884935676	5169.55663441526	1461.6998181438512
8	34	1325.1360878838252	5097.885878349869	895.441140739532
8	35	776.4625118362671	4611.753847712685	683.5138320298048
8	36	1164.2993503388163	5125.776872457762	728.1530989463089
8	37	763.088028175279	4565.659946099233	1316.4160602944164
8	38	961.931793656215	3443.7644619965813	1312.5540283672267
8	39	983.2973557581345	5309.924289361244	1417.6664770027057
9	0	9171.108083107209	1832.7940790611588	999.1298350791989
9	1	13907.390440507157	1098.5131337488467	-0.0
9	2	7713.412686600916	1972.340215094278	719.6426542541445
9	3	12550.445918969268	2504.31373137533	1174.4669466870978
9	4	11348.99961584073	2073.747057220209	1062.1293738675843
9	5	11826.333894635762	2190.824569169066	946.2743554038512
9	6	7937.341650298505	2226.0758886124772	961.9242834054081
9	7	13357.423192705111	1415.5249932609904	754.7265482702891
9	8	11056.230558242643	1542.3288808432121	873.6388132493266
9	9	10219.080483516396	1938.3204786994047	1114.3723272069938
9	10	9448.303009578967	2419.1633027468893	697.8936378013917
9	11	7697.875645928647	2260.5517672054348	1140.4740150792327
9	12	11326.09164668136	2961.332586579516	724.7232476046469
9	13	7204.763722602962	1716.085392662567	1074.7672398532382
9	14	8833.435730510515	3913.422139907663	360.85168884500575
9	15	11279.266828063513	2255.1943732747295	831.1180379886149
9	16	7678.020036530457	2437.7510122070444	1276.8345418316287
9	17	8852.339890923447	1704.008284358496	782.8148745352901
9	18	13748.631532286656	1983.7502831474303	1339.1929301559003
9	19	14626.7869770894	2366.3776380397253	832.4245547828434
9	20	1046.1847610844375	4655.401807804977	1006.3537792412878
9	21	601.9810845594291	3983.7951404739015	1309.6236585316228
9	22	1142.2526865307038	5610.1616983954655	1148.8558353604178
9	23	1098.2247816473366	4901.010574817671	905.272743850985
9	24	805.4328265409051	3604.824116881087	1050.5888045928577
9	25	1381.0493597102088	3941.3019255716513	772.4309240019494
9	26	923.0808608171739	2937.4755256857325	735.8317508881053
9	27	1258.4967068330889	5546.26288460957	1444.2127710398252
9	28	1267.2254566013814	3686.037857050641	1217.3691873373048
9	29	1084.848778458408	4888.033203038728	1038.982563288878
9	30	1055.5915992618889	5443.05507810419	932.57191937824
9	31	1275.286313352875	4788.3455669322975	1342.645172948441
9	32	1338.203521242811	4164.57183212348	778.2809729634027
9	33	1139.2100662226012	3670.4323332333693	1480.4822331246205
9	34	1071.7420541486563	3359.264125834667	1184.9250207336572
9	35	911.3938336874543	3618.7299825914597	1002.0886324571818
9	36	979.5305772179777	2556.895902085382	1150.1677201683713
9	37	1340.9384347383605	4287.999256757438	1099.5073917935526
9	38	1331.3032718538516	5018.474401666704	282.39945404862414
9	39	1345.6555384885364	4872.3866851820285	980.7178803165835
10	0	10802.978631598242	2081.2990109627963	746.0992044851627
10	1	8670.602813496027	1787.261153055457	848.291826572981
10	2	10020.218356933441	1233.6131752581573	1214.138026584241
10	3	8757.831116782692	2379.7556916582244	1177.4263031532216
10	4	10364.846760996528	1787.2713598601745	730.0807378306232
10	5	11603.268700679439	2220.5908747070102	688.8067728265661
10	6	7962.026577755891	1842.0067009023505	1461.7417799792029
10	7	10398.927001015994	1970.0536664242702	789.927148758442
10	8	12220.058982296343	1710.2338988080069	1144.7812333942259
10	9	7313.4978771340875	1906.0498029343182	730.5279046643373
10	10	11066.628958982128	2928.647045716131	1875.1303411653141
10	11	10609.487763709309	2305.2381633686014	2698.090988980102
10	12	10361.817336630898	1774.7536400457063	1623.8147464960466
10	13	12627.250549550572	2509.444485005633	2234.7498355935195
10	14	9426.770860449318	1758.808261369018	1732.0336958585856
10	15	9057.075129239085	1841.9140662332404	2707.042029388849
10	16	9182.37278278446	2143.9922160781875	1202.0071846617238
10	17	9821.336905593756	2617.1974551448857	2332.92289010213
10	18	8997.935937037819	2026.0355678628118	1462.0452164917367
10	19	10497.712766552173	2751.4468290023715	1273.6769375010647
10	20	1309.574466374524	4421.42499685075	1892.765591837827
10	21	787.5358830360916	4692.610067303284	2579.280914824783
10	22	995.0099706251992	3517.209216034454	1245.292849065355
10	23	1107.9879406707564	4723.393223295366	1555.605635110016
10	24	963.5782615814279	3465.5864601565477	2276.4468315381273
10	25	1067.3462751320928	3762.4496382815214	1882.3626631091106
10	26	775.3677718611391	4170.8560274341135	1849.594642147131
10	27	879.4336236659096	3553.272341453103	1689.2869029221913
10	28	1070.5086588896825	4657.081740111854	1846.6393256590525
10	29	1442.9073888663902	5699.419779028969	2627.0220376053344
10	30	839.6317730124584	3471.9184934388804	1375.5788116067763
10	31	1164.301662072267	2739.940420709286	1201.631359773461
10	32	1234.5260085832745	5065.257254764615	474.74216379073965
10	33	1270.6780987174086	2096.5652771375517	807.5087644788734
10	34	977.9946166329561	4458.583094419074	959.379212698898
10	35	1339.9122502251837	4143.083904305498	1363.4215844340094
10	36	1124.5557161467134	3020.8554871146507	958.6367292866381
10	37	1169.080081153052	5007.819349762255	941.4870478800659
10	38	1006.6954598546554	3309.6861291090636	1058.63885090875
10	39	1106.729487926114	4291.649696354142	411.5529204241563
11	0	8566.420097182083	2087.12938939214	786.0529207383789
11	1	8931.893293412115	1646.7097753929581	836.1554010239391
11	2	12673.87151624554	2100.0519775448597	999.3438446531045
11	3	7203.401513951716	2173.9048317854745	-0.0
11	4	9509.023356450016	2615.3227029199693	1104.5061087727074
11	5	10089.713226503525	2163.7956907780263	481.6966401669691
11	6	12288.588733533497	2036.4731431145028	-0.0
11	7	12415.651142278262	3928.3295268437955	420.559495676545
11	8	10477.042099123853	1941.5860838192993	900.8535098340731
11	9	12234.136773462038	1158.1383853445363	1453.6412140194952
11	10	10106.384703358504	2506.8704678131903	1875.4316691601719
11	11	13353.512738116602	2502.8327236387645	2166.571518946343
11	12	11736.506160243072	2926.4369962116775	2096.740313447064
11	13	8926.556831203035	1618.6899631843842	1644.2990519647424
11	14	9053.610313408564	1560.0466035261911	2180.832890180038
11	15	15791.869482898888	1664.3097170619108	1449.8332541183904
11	16	16313.104588894605	2392.2695582675115	1924.6242591118748
11	17	8727.44441114998	1789.5411978204124	1786.3253845070058
11	18	9112.425492528244	1751.0454639009454	1314.338224341688
11	19	12376.030237521121	2106.6497703959285	2657.616069634051
11	20	1303.1250518101965	4864.372275078441	2179.1333391360586
11	21	1310.2258952756624	4123.014870423	1869.2105262908424
11	22	1185.960298027274	3276.671896676505	1571.3502651124873
11	23	1006.0927638046182	2727.697081322246	1861.7228037991056
11	24	1054.611454412305	3379.341157473576	1753.0427351478106
11	25	967.448825999754	4619.263010625813	1932.78998186023
11	26	893.6198723544533	5755.49845385974	2057.2058112296986
11	27	948.650936927701	3568.543982884958	1532.08750867578
11	28	916.9325837990574	3968.818904284086	2296.331602614125
11	29	821.1309947850677	4257.617252634332	2294.911295589864
11	30	1106.9382430708963	5744.880749930198	1122.667311472218
11	31	1267.1451012647865	5144.951355596841	990.2082522559454
11	32	693.8565477552136	5108.40567470253	1332.3331275471903
11	33	815.9115460832381	3497.750407118211	1128.6914691062839
11	34	789.0502647780988	3290.668469281747	550.6760534461193
11	35	823.5048645228507	4441.318407144578	816.3373298625002
11	36	1200.3427142891223	4384.652557827875	1130.5959755275292
11	37	1191.079903443116	3918.719925478224	937.657430961013
11	38	743.2386917739356	3706.871086282454	1089.0906533222599
11	39	854.8799211635313	2950.0339364487086	793.5388171894923
12	0	9094.944776051036	1759.061420109611	973.5119012740715
12	1	15294.149349842673	1783.5747769008967	624.5603018425852
12	2	12320.736519354918	2071.2332235299887	1141.9330693850602
12	3	7064.289153426731	1547.5482745246495	810.2903344269994
12	4	7712.867308769859	2197.7731114843655	914.3350326949536
12	5	12879.719034514846	2700.9883319602604	686.2080616030004
12	6	8904.01757913163	1996.3045883401833	1069.1585686432632
12	7	15933.903224949378	1646.819096367683	1136.5591740744771
12	8	11140.619166749655	3067.928785478296	843.2437921092096
12	9	13783.01471583118	2235.8976277107563	906.1718496571751
12	10	9615.980928719753	2188.1748548850173	2854.5079876290088
12	11	7947.501735189561	2198.330113468697	2162.311733376579
12	12	12392.884575504682	1326.8226399206937	2173.8791298149927
12	13	9312.713059538672	2539.7208715485044	1627.3210009056368
12	14	7899.655111969772	1788.7597308184513	1647.0195912454656
12	15	7698.447336596754	1585.4974260926017	2131.393222820966
12	16	12932.457129781082	2094.976645918429	1565.562638425294
12	17	9259.131720796799	2657.760590587881	2306.2673952559235
12	18	9203.359956059241	1516.845615867742	2076.9899626400024
12	19	9367.994919337098	2319.8620438956173	1834.5904128797415
12	20	958.9932597729631	3589.470134216228	2340.2587550288663
12	21	1163.8240273497765	4331.103444840582	1611.79343050382
12	22	1060.186895783554	3292.685755216156	2117.739335189656
12	23	761.9581068185578	3461.9773670006102	2161.588570301889
12	24	1469.454451265362	3935.0109096622436	1857.3114567037944
12	25	1149.8652279747648	3789.4691139781917	1971.6075938764498
12	26	1251.063336127934	5613.4022784927465	1407.9732857947065
12	27	1233.7080993060176	4764.640249294556	2125.186927983438
12	28	648.495990292044	3869.8913258131065	1851.4966316928558
12	29	990.5096606288213	2772.258777727276	1528.9075991017962
12	30	1023.0504649792465	4823.520793741522	1367.0254144795645
12	31	687.5202926114218	6292.726442477245	858.9122027139134
12	32	809.8356750372527	4210.216713891277	957.4269607947404
12	33	888.83052212328	3541.360949023773	1124.1800727945622
12	34	808.1396574790052	4030.9440234399376	676.2057210527646
12	35	806.3304324108007	4252.206854679957	757.650608513899
12	36	1014.0078513909161	6054.448964710213	198.48523044081202
12	37	885.10129621372	5542.1179958794	1071.5243832187855
12	38	838.8094681065238	5030.041721598475	778.2963587539481
12	39	831.3104349188443	3859.4372701944094	1390.8493873392417
13	0	9891.997394109165	1537.0261713024859	1089.7033690008327
13	1	11409.810725273994	3137.6136813810876	861.7707827993648
13	2	9560.679870280957	1864.8135487619818	782.3778959577753
13	3	11551.641568387946	1180.0319280693896	809.2167301082177
13	4	10541.294501457607	1935.6524250683724	1862.6334481695544
13	5	7006.901480217911	2977.10184930061	1167.1202882915006
13	6	11085.57898753276	2357.432134227295	1445.5280637040837
13	7	12226.776719718015	1892.9992103167363	879.4046336659086
13	8	10046.39887988976	2701.4245129797937	1040.0066000052288
13	9	10483.261144916973	2696.41097504322	665.9936473030389
13	10	14758.366520368287	2239.6990599654555	2001.9865215007899
13	11	16744.36441048595	1537.8874674602077	2467.3703113511333
13	12	7994.594184828183	1964.4551687313017	1289.625411025343
13	13	10511.153268572036	1211.230247233463	2844.0539135685103
13	14	10773.19156031877	1504.735270275323	1962.755109326343
13	15	11700.212662208727	3020.9007202258817	1522.7383721463993
13	16	9594.737411386306	1264.2210609814529	1749.5769901304475
13	17	14893.382760501167	2906.7714812039408	2683.482735302243
13	18	13052.873081956457	2591.406672839011	1814.4159776294423
13	19	8498.017931899903	2777.2239165801884	2912.544428647755
13	20	1028.3999088980502	3164.0987335089058	2118.7420396559173
13	21	1169.801768134345	5140.394214403558	1750.973772568363
13	22	1351.7079746379202	4091.0556200890433	2196.661528103371
13	23	925.751031234051	3921.431100031011	2355.502922606435
13	24	1307.0115049902781	4489.482691471431	2391.06952960544
13	25	1344.9178055694097	3873.0569013872737	1411.9161579616832
13	26	754.2959389822632	4372.652803992093	1863.9011196295164
13	27	1234.2854597311175	3822.5767233682554	2132.237727556526
13	28	1296.574607251316	5076.659765126538	2174.489349660259
13	29	964.1629765819	3954.3448574267113	1306.7002327642767
13	30	1252.444849962842	2645.6125862750305	928.9766551036588
13	31	818.8523946835618	3589.1710185821485	836.9605719836057
13	32	908.1572400733795	3837.0121645808126	323.62126495405835
13	33	1038.8393537477436	5304.941396210667	1392.954287672783
13	34	1116.1586381494974	5309.686568406252	1133.6957563742133
13	35	1004.5789989145237	6884.517457752468	1011.1635047786542
13	36	1310.7958772508362	3768.8796516025113	883.7858983474639
13	37	1059.7074950463755	3417.271307121827	906.292770492775
13	38	701.1075939898637	4614.144666428356	767.1543799755977
13	39	953.008193859441	5081.099588813628	1270.4916195025683
14	0	12774.163888683057	1880.288479095465	806.9688513200736
14	1	9780.426274005817	1565.2325886538106	1265.9597429211765
14	2	14289.620400648844	2327.5980311391445	928.9206020832453
14	3	7847.4185121219725	2005.5129355567403	1160.4111265958395
14	4	12883.677419453104	1775.9015102646954	846.2281285602264
14	5	9600.02813717968	1612.8972663246739	832.697409290777
14	6	8601.053354828446	1883.0348710163835	1012.0858408532957
14	7	10898.54203552729	1354.9063413205263	1144.1289589854282
14	8	9332.351388129537	2212.0235704009224	792.1562369408904
14	9	9453.880482432636	1994.6011416341455	1446.7735375326206
14	10	10967.302994337611	2000.9464130522567	2123.4454831534913
14	11	8671.081474010149	2665.254970437229	1374.8217265200321
14	12	9947.779707078376	1853.1615071759568	2497.549591841231
14	13	8579.381554566977	2111.0863808020763	2290.2148312639506
14	14	10835.84203289135	1472.088351490133	1841.2650941842242
14	15	9484.82607720844	3273.2152208988036	2279.6049625028927
14	16	9376.168426498742	2132.6950886328145	1976.5045070898475
14	17	10930.036572319788	1818.8983846456315	2537.7331189315864
14	18	10385.316990631194	1732.9492953329013	2813.8885800120847
14	19	12020.619104879577	2224.0846217187036	1583.1009795886673
14	20	1083.9646221658031	4573.24674956151	2628.8625072805667
14	21	1367.7073149365058	3406.8523024961187	1305.9782731217679
14	22	877.4453307386208	4050.6062182207693	2359.942035359544
14	23	925.3248715800898	3797.01190303346	1874.334567112424
14	24	1538.0250430137407	4903.40288493907	1581.2744069615123
14	25	686.2773117766117	3926.251999438651	1764.1110616593774
14	26	1223.3058699386845	3298.0768408834515	2384.8332133199247
14	27	858.9242812803819	4259.483999447424	1232.872337990222
14	28	1114.8504591273463	6172.813591307015	2552.4350099473913
14	29	1402.4505895721582	5038.514119997325	1198.3189853473586
14	30	1361.8723775690964	3912.329070653229	788.7776775908097
14	31	811.7044287974932	3732.1550911305208	1278.964224739358
14	32	1068.794381727082	4475.62330005624	1301.317080156954
14	33	971.0970811682855	3930.7278233714915	1168.5782385610216
14	34	1026.350837257011	3085.0341339190136	1531.2696916364025
14	35	1044.0738903376873	3902.419971647635	1333.7241501449187
14	36	1075.9438164665853	2863.6216875969812	691.0957005617155
14	37	1152.4078543671928	3385.704915889433	829.8110479326289
14	38	1393.5187023819492	2848.1744100828414	1134.8449434886056
14	39	1016.8221512145257	4202.805369146351	929.6821495773704
15	0	13112.757198696436	2533.5635768302654	978.2811014560656
15	1	9485.86887597623	1696.5615950306023	1127.0294970698174
15	2	11117.715610859641	2475.4973372599943	1271.699668387545
15	3	11794.714603800381	2190.432996622117	1002.110315146294
15	4	8800.820395459654	1919.6975451220733	963.2193576387532
15	5	6426.410357137981	1821.995344934125	1266.2780063430705
15	6	9354.779376788925	2165.2884557663792	727.5866776948766
15	7	5228.529093710029	2079.37447931186	1065.5524728482617
15	8	11424.825780422449	1985.2033017083309	-0.0
15	9	10026.978491854592	1463.1923658294784	768.6901590601561
15	10	8930.476326103459	2039.4750943846734	1868.163752890657
15	11	7643.972882151602	1138.309837712624	2459.3368279183974
15	12	7934.956132132329	2748.7598351791376	2037.2690440552774
15	13	11258.442956005707	1876.5502909632012	1808.2198146271937
15	14	8300.623434478162	1151.3804435068314	2083.9846440054976
15	15	10051.626500273558	1756.4294900217649	2624.781444664286
15	16	9401.412315551677	2356.4006421102035	1799.7076045767608
15	17	9699.647370048908	2650.169980699343	1336.6929566796096
15	18	9187.975384128951	2531.998223663599	1983.4585793290014
15	19	11145.515372715872	2067.8010155819175	1540.8244965477622
15	20	895.8181301672965	3714.2383145260287	1390.99456570155
15	21	992.2564311604949	3886.379898832107	1544.7492123848338
15	22	623.8275385137755	4198.396835512177	2129.388691221921
15	23	1526.2576667250942	4627.921099742013	2775.985419840398
15	24	989.119806354173	3018.420535615899	2346.6330036767304
15	25	1326.1681944306306	4005.081292207318	2430.1761267044853
15	26	570.4403166244468	4452.853702937534	2440.4408301819576
15	27	766.0903337202209	5323.490984573823	1591.3995633072225
15	28	687.2026949467698	5184.8839662662185	1368.1584152979956
15	29	1071.378954811708	3743.3241775757606	2432.2252125143655
15	30	951.5572084701881	2680.740702261418	991.3644320494
15	31	854.573171702865	2630.7935000605457	1109.9156673615837
15	32	1001.7247427146272	5149.174133212	1597.2450441882438
15	33	821.6791846428448	4769.6516277073115	1104.4214937045958
15	34	1075.1545474178379	3756.9255820395424	1005.6764916384869
15	35	1053.9536836060372	3847.1189497883975	1200.066361396507
15	36	1041.9444936988177	4483.024552512735	211.43341795603178
15	37	758.0921879944334	3815.584161547709	1159.052482950737
15	38	1030.107736702881	4768.012089683766	1160.4975632691014
15	39	1336.7994516117074	3542.235956499629	661.4127240517001
16	0	9010.094467221134	1460.8165490143153	556.0142198444472
16	1	8119.180298064749	3046.105322584633	1003.6867862890899
16	2	10150.445669782632	2309.000101722481	913.4985760225225
16	3	10977.074582616573	2251.4006112636985	984.0688161427762
16	4	10937.68500478846	1345.5857880405033	1238.7924591696928
16	5	12812.610826757422	1906.7192996868393	1919.5355050867915
16	6	9238.399207506947	2827.670785750212	897.9157844602998
16	7	10618.363164662847	2504.8834873096735	651.1409114691469
16	8	7218.057124813677	1692.434877197303	1171.5950285475938
16	9	8566.592722419105	1866.5194099625053	1211.2052966322178
16	10	12737.85779989275	1904.710567539145	1894.3888615441201
16	11	12980.25349064596	1548.6707984852173	1672.970788108898
16	12	13154.433108310284	1896.8788651030054	1594.9750943754368
16	13	9563.521018448437	1392.6523479519863	2015.407488091136
16	14	12045.840513763203	1587.4658072321092	1418.771947427861
16	15	12379.186628886795	1631.2572699827845	1418.8496825699792
16	16	12953.544142441322	1505.8687256542626	2653.753857874561
16	17	15506.83857366642	2199.2004979043163	1879.2561398680525
16	18	10555.811263138163	2079.7232941520647	1965.0502545022528
16	19	11418.93771922159	2418.438685057142	1993.3472630783876
16	20	1185.9890704022844	5793.298652877038	1754.6376854931364
16	21	1173.0885669847594	3808.211176105917	1732.6553837052259
16	22	1044.388992401082	3428.1281645316376	1944.1938330299006
16	23	727.9113752539358	5269.709430704254	1914.3110674886761
16	24	874.6206358302277	4541.513533869105	2248.524648994279
16	25	1310.9566177449149	3799.332388222059	2194.596114893327
16	26	949.7018672316188	3671.5658983552144	2026.921957582301
16	27	1082.6923334793319	3118.559724216886	2367.0896087779925
16	28	851.2734299020555	4970.1402601829905	1783.565706952755
16	29	1173.628982169644	4028.5151367078897	2092.8507823389523
16	30	1205.1165785558387	3116.299466024816	1006.7206734245618
16	31	759.035010737613	4046.1780289113035	979.0700490498516
16	32	1120.5512865457092	3683.3091636493255	1061.4393788689506
16	33	1079.4466710960146	3403.8136387058157	1381.739912725137
16	34	1038.5948273064819	4679.137885310916	1366.5827596111449
16	35	904.0104116957872	5401.739680185746	460.57117928908394
16	36	1074.9262361382364	2741.8230746472095	1352.26610934595
16	37	1000.8050983890514	5174.46892913699	1244.5094198886895
16	38	1056.249028852313	5498.717385789066	802.967567507514
16	39	959.5515565057066	4282.973113712745	507.53204225693975
17	0	11435.24580575834	1871.5279676488437	857.0566650005
17	1	9386.316285255607	1866.13565224693	1166.3413451491226
17	2	8032.63437243988	2264.0683930644927	812.74600260777
17	3	9758.492810720561	2468.456320601665	1175.447336775754
17	4	12408.48459386582	2386.903842527648	1267.2854683048506
17	5	10322.182177712777	1571.595303024809	800.0445420550999
17	6	11217.986969366813	3126.8922923192213	871.7937267604796
17	7	9943.816656572175	2975.0274936681353	1327.8303135410067
17	8	12281.82861699735	1819.3342703159303	1213.1879044740217
17	9	12232.472276570974	2945.5663165919004	550.8869237611719
17	10	9577.509933442068	1954.4853029797384	1363.5190366936388
17	11	8624.863727512968	1951.2078001307784	2226.6396607137567
17	12	12371.926458628908	2438.2159530299014	1955.0717907165235
17	13	11892.318938500555	2113.0722428442728	2001.3736833140924
17	14	10456.132782206316	1640.4247952403823	1421.8833084450537
17	15	8474.308589392218	2228.82009419636	1720.3053766425317
17	16	8097.13260517603	2069.135764019415	2000.540174218869
17	17	9084.123755686645	1640.9429851759344	1784.5558091326523
17	18	11577.400407140969	1947.2691195369573	3837.6543306307335
17	19	12510.282821604746	2439.220984411997	1443.6782817569995
17	20	1009.9922400295405	5234.891283498697	2204.734967910837
17	21	1132.1982596184876	3897.628372870446	1635.9080328971788
17	22	1289.4015062210954	4555.554447097822	2005.8647398884023
17	23	695.622365122344	5264.760977231165	1647.7212252992028
17	24	961.7853289965595	3793.7476889073446	2642.479589087795
17	25	1053.8839609841916	3345.3874916952445	1583.5455794467352
17	26	932.2906344216549	3334.0018841672872	1448.1414350687057
17	27	776.3377612218516	4195.329180000247	2358.153091296505
17	28	994.6667915074877	3571.1101298843	2352.347736041887
17	29	1221.0742624226646	4662.598233003195	1820.6599611130334
17	30	1046.5702501801177	4416.670421150685	867.6341318026043
17	31	1092.469538142026	4732.324976436247	1322.0701999572416
17	32	1147.2015652288683	4309.944301672395	925.5955425340615
17	33	1098.5012500292737	3415.2962164732007	993.489489114774
17	34	1176.0249821824607	4000.7927688715745	733.3273271551308
17	35	1713.0841201685137	3555.0038965062604	381.8635368278158
17	36	723.5058902066409	4499.819027389327	1068.5577260671403
17	37	926.0285348693787	4806.46559538766	1180.6088023728496
17	38	935.6312388082325	2944.468778153138	1373.0305283400085
17	39	861.5019870721715	4063.2772957073284	826.7088202416397
18	0	12067.301686036613	1441.917570677052	1055.1971771128146
18	1	9717.82951909748	2267.563881027091	552.7725499687939
18	2	7744.048283601714	2760.490225746229	1027.0435390304303
18	3	7647.739172602442	2343.7981544215177	1055.983292133429
18	4	8350.177769623951	2982.6391175655467	1037.6911667252007
18	5	9702.373530371633	1959.8217685865409	1103.3487158104674
18	6	7608.223357902256	2243.082588560407	1084.3707003707536
18	7	10027.878440215012	1731.5792158282907	741.6131511776924
18	8	6254.123963903462	1838.0445699985742	805.7889768038008
18	9	10445.97124671579	2111.39726407254	666.7400737125217
18	10	10253.279611234575	1164.6298158717582	1931.494451685117
18	11	6320.4662357383495	1732.605910606368	1591.5816675898686
18	12	12192.162724461954	1387.9146439839592	1705.7235802568403
18	13	10358.906055829006	1478.01219965629	2376.21364683756
18	14	11994.911060862707	1356.7508763653416	-0.0
18	15	9213.967377465335	2188.348509217736	1758.4831900611025
18	16	12289.569342114792	1465.2243197182308	2667.062524416084
18	17	13416.98610725685	2597.8343870862973	1642.027963708798
18	18	13009.472082767552	2355.1673046306555	2401.3318235087145
18	19	15175.23248731789	1272.8535438676822	2121.5561161467663
18	20	1403.8188804734823	3876.3330201604945	1422.9469264544018
18	21	1018.5162451997593	4947.001234419704	2213.7225331233644
18	22	1754.1622406075921	5516.960317090217	1874.2084713030715
18	23	801.3170330965693	3658.913724662982	1114.4911526540307
18	24	1053.3954527940807	4017.0555380254377	1881.4722940608228
18	25	1109.0607413922774	3530.4662774168983	2168.5439044492664
18	26	1009.525667353279	4557.139209600442	1967.3503993925594
18	27	1476.2566738224216	5441.679851746315	1140.7631286710464
18	28	1169.1659429227789	5973.254838574995	1690.6751838357602
18	29	1143.324124137973	4486.095102255795	2493.101440820087
18	30	916.056951715161	4468.943291106293	788.9602765451265
18	31	1003.5487673717095	4238.430232369273	1211.5839503188126
18	32	1131.9364811802313	6517.308186967414	873.3474691703931
18	33	1212.2320843858158	4966.86911592382	722.1461694043338
18	34	1253.6646688670585	5341.123730754591	906.324906627423
18	35	1066.599930524909	5080.77238520575	1181.998286056586
18	36	1117.0940709314061	4512.9091807736795	856.3045237970211
18	37	925.0502955221945	3983.178065118716	1079.680590877536
18	38	898.6792620940267	4488.13214961294	1112.2773151697415
18	39	1074.9957415956433	3678.87586405479	784.8852692470797
19	0	10004.43311745284	2008.342075124468	1513.5914107689603
19	1	6719.092535897641	2060.9394400590995	1525.2437829115163
19	2	7221.779897363911	2702.45000290015	446.19627669366764
19	3	10813.901151970582	1455.423298919108	1077.8605908976353
19	4	8344.545139048698	2893.6307313023153	1022.8157117906553
19	5	9035.984005989345	2190.2962865416866	1201.8948987343106
19	6	9794.530970984988	2244.3969357203864	1013.8727145591355
19	7	9547.289771433101	1854.5554669080705	1007.1211580506555
19	8	14483.355411427281	1854.598735371355	835.6852228654985
19	9	11582.53919328924	2260.7234645866924	1276.755484329456
19	10	9647.993945588081	2274.449049500366	2403.4268510119173
19	11	8634.623232405647	2079.510425353754	1853.598289225873
19	12	12922.877003044445	2365.405595398023	2172.138976988577
19	13	9341.014613744059	1528.5658392540197	1774.6200067239154
19	14	9105.219952644	1733.1858761843766	1794.6622041728074
19	15	10172.645280340113	2569.4286304306297	2649.02012360036
19	16	10191.291418624278	1211.3427688802105	2468.4314027945875
19	17	13706.521708956816	2445.180340229687	1972.176052829276
19	18	10966.43441851066	1840.3106526307936	1936.7496822116193
19	19	6022.262643508645	2697.9775249256204	1392.363930714723
19	20	716.3969379833819	4409.77314033492	1570.0770714975495
19	21	1248.3553252684655	3705.7302476490845	1412.650318232457
19	22	1105.050324832455	3362.248255573283	2091.923334012263
19	23	1150.7387806994707	5928.37424415257	1718.7887546701243
19	24	1719.2428938205774	4311.128332048073	1489.7090231927905
19	25	1135.2220627997297	2649.152986573587	1763.3477143586779
19	26	734.5078089206343	4317.883181315794	2170.404039550576
19	27	1225.043581783929	4544.846188223809	1766.7696925662844
19	28	1252.3619846572542	5200.203037099582	1154.5549874000421
19	29	1384.8909270867782	3556.6107070346357	2436.479228206902
19	30	1387.2056260864467	4813.219713635457	1196.1309647422852
19	31	834.1371144558709	3539.455195620671	818.7585657955842
19	32	1024.058052872044	3818.216134573764	854.7075412823972
19	33	1008.5128192881327	5499.098232945941	959.3324887799782
19	34	1225.1731840550535	3707.204816733063	762.8365660751862
19	35	936.7229694191952	4522.03196656652	745.0401273931295
19	36	931.8891953821687	3939.9131542548407	1130.7821708925599
19	37	716.6692121761513	5207.5075167735195	661.2961210231279
19	38	1141.8647955368017	4768.236534453433	1092.134083452782
19	39	930.3715188889023	3738.805053803829	743.0350445176147
20	0	7661.489708866942	2228.257233997309	952.0798760422686
20	1	12704.519355638327	1192.8343866498687	1048.898481510517
20	2	13362.46967254337	2106.473892783822	740.3543744308802
20	3	8078.568569734841	2243.25881862451	994.413331660639
20	4	11695.422917899346	2227.626952458849	1216.4341384827896
20	5	11816.55046821921	2999.2049911406916	-0.0
20	6	11565.920402066868	3286.0387566444356	549.7853178705168
20	7	8761.559171333003	2754.5435423602285	930.9356039076671
20	8	14312.741994956501	2542.7512175637435	1125.6586631578568
20	9	11485.537358323361	1857.0308476075945	1101.7097060043836
20	10	8626.732782963445	2614.494130790568	1494.396037089874
20	11	10170.647332920802	1605.606336855483	1150.8312880306669
20	12	9640.361983226168	1962.9634191654466	2556.7595557613977
20	13	11095.87854152806	2754.8898755293303	1820.9985034423416
20	14	13104.129543778452	1915.5980422496718	2090.2171636798003
20	15	9663.299019633996	2452.8856096135123	2402.29598418788
20	16	10844.128783189532	1887.2093866686257	1801.4352879015776
20	17	14820.471801182408	1959.3108219215583	1691.85803087137
20	18	11064.079592786778	3142.7189206583616	1724.018118687872
20	19	11289.687301059836	1918.1399327013742	2378.9468432087597
20	20	1324.0185825953058	4787.279370385824	1532.8416613037894
20	21	1165.5209338538832	4292.330506082829	2176.7716419991243
20	22	935.5391809143462	4559.190112398588	1692.6115083149166
20	23	708.9854845928872	3665.416886756268	2477.087440412607
20	24	1191.963765220836	3581.943867635747	2004.6164339374793
20	25	1044.5591898118835	4949.50013389735	2373.3407621621536
20	26	1136.0132329691262	4057.7986331047755	2112.9465825104703
20	27	1016.308548419503	5042.620595536646	998.5037918941059
20	28	1055.1473659566905	3090.4336419899273	2135.6465532727675
20	29	1135.4987239775678	5032.546120550171	1510.9434561878509
20	30	1042.785504968904	3519.5213427068484	898.6956239356772
20	31	699.0927081157861	3505.9691120245184	222.4388795361525
20	32	787.3753322893727	5140.860830238683	603.5941295115274
20	33	1156.5460911050616	3464.8946555141047	1290.1284065920809
20	34	890.3719393239392	4243.951767942791	797.7968280868929
20	35	1301.7323430806593	3246.4775040635323	1272.8605202384795
20	36	832.3362184557487	5440.984646695039	1294.0392945272654
20	37	933.5868528413215	4335.446262361015	1213.9944620980336
20	38	1132.7993883528493	3449.5066553034935	541.3172145480178
20	39	1061.9919239945502	3247.370091367983	868.6813144384208
21	0	6171.27321082233	1535.0192511049602	1159.0616560126662
21	1	13669.700526725781	1568.9695243602516	791.4177603422544
21	2	13421.255073199129	2253.007301422962	961.6121870746265
21	3	10779.599420378408	2801.0474007555117	-0.0
21	4	8059.004349402348	2059.524607593108	784.6567924126498
21	5	7477.024440375868	3027.165871122902	652.6891291793578
21	6	14098.569627754985	1663.3895740274045	1010.4490521995725
21	7	8852.795091177672	2377.132227534831	1632.2464830021788
21	8	8218.809386152665	1524.427744541291	549.7080765547516
21	9	11920.082148386766	1635.6466620159397	1002.1735174120582
21	10	9437.073391799328	1685.2910690148587	1968.705924062548
21	11	14232.754131013035	1649.8173209539448	2142.324555593353
21	12	10647.155955699638	1823.3181922418491	1477.5158664373957
21	13	10954.582096468615	1340.2943888320349	2567.433841026418
21	14	9763.285546196645	2671.597608593061	241.56656287938486
21	15	7479.323043704918	2051.8135866572884	2167.3492699160984
21	16	9123.796031396605	2646.357381080319	2275.178036535411
21	17	11578.113831438559	2501.261614882026	2140.3599444270203
21	18	10216.943395597084	1380.4014156475027	2715.3664135182444
21	19	9307.763047579076	2290.437946954775	2921.9699905645202
21	20	1346.338068829911	4326.7529969609	1423.1413525199596
21	21	1213.8555317928985	3146.0183897509046	1291.7867102258967
21	22	840.7865556494546	4451.207040699699	1785.0618004125654
21	23	1146.3339998933984	2884.3649513604887	1827.1481930214284
21	24	1235.7393634610662	3903.23253562814	2114.721958888297
21	25	1174.3528265379553	3568.6260771623183	1648.1232637775645
21	26	1645.8016159947865	3848.4908999470576	2090.581882128473
21	27	1655.8464399765069	2840.7216525616773	2199.666592564723
21	28	1113.528260994246	5261.046731458943	1942.9285482743774
21	29	994.9652387154243	4903.617387420757	1497.0981709523205
21	30	1061.4217133901254	4216.636323502869	970.2050850474799
21	31	814.2228849131678	4720.811330031855	852.7366226616934
21	32	1068.5632323183277	3940.5623471232116	920.134367114515
21	33	1097.9275447686873	3660.5784146082415	1088.6050052689923
21	34	1399.3254472407461	2805.099450228043	1139.8500420472592
21	35	1154.4638679250982	5215.63347547958	1422.0786081603167
21	36	1208.4637037726534	3343.528544074117	962.0101211526943
21	37	907.9320911026576	3996.301601529203	1210.7675379286964
21	38	926.6811050781035	4065.826442892841	1045.5325892929689
21	39	1262.6660193834814	4283.307588113603	768.5085689805218
22	0	14269.912196464666	2627.166316472615	1212.0732280480652
22	1	12637.482255435967	2291.5738876179375	-0.0
22	2	9098.728412117178	2109.0804729993265	1008.7835014894696
22	3	8568.814687487558	2415.937474380099	1060.1655967294155
22	4	14454.65962255719	1544.9285471814073	1138.9485596865252
22	5	18721.15219802222	2399.637909393921	1004.3614905017987
22	6	12209.917418552575	1761.1288599902962	1166.002264128897
22	7	7473.647669175557	2182.1635442060206	940.8595876502524
22	8	9183.306584497117	3000.546648117524	1128.5361371751267
22	9	8214.677741394162	1824.1875834114048	1044.8910183889013
22	10	7360.000265688107	2451.390222023273	1470.3334570744983
22	11	9697.230655490412	2512.1129839852183	2700.82953405827
22	12	7789.838781114013	2457.513865382267	1331.143864260243
22	13	9411.601190702484	1216.9027193109637	1600.5660762385733
22	14	8886.350415794603	1421.4404844308428	2308.8937889882586
22	15	9281.755101791226	2706.4722095594457	2680.6237453105496
22	16	8189.086209115824	2652.9347673198417	1945.7389550027249
22	17	6944.88963920454	2469.3631579860794	1551.997034964717
22	18	11625.185476997854	2301.129467169807	2038.4001287627266
22	19	7202.389435760008	2331.1634455047497	2239.1489838486073
22	20	1124.0350550713893	3749.490233597158	1441.312915420086
22	21	975.3676114294311	4374.787680125067	1140.9675618325189
22	22	1339.7565529928681	5461.670466774453	1781.5883699864667
22	23	950.8498361575281	3887.8609536816934	1676.2227656985724
22	24	1072.7661430531828	4174.677924177533	2528.4908304858204
22	25	1085.9369967662121	3519.4316215337653	1948.6567011926736
22	26	932.5424983162869	4934.739683431529	1278.164595981187
22	27	966.0408740820916	3867.046636044177	2409.628484744769
22	28	840.976263459934	4187.375161910999	2480.7153386415785
22	29	1066.5924356375376	3444.3833607725373	2095.5055269089585
22	30	1371.0236709875082	4320.991298005655	1131.2946001817177
22	31	1157.181725770331	4636.6982907962665	917.2235401814298
22	32	1448.5546751766972	4747.756702487873	536.2436278365866
22	33	1028.0040210278976	4755.59869967261	986.7332177444189
22	34	897.9560809247936	4003.4941433560175	816.258998709461
22	35	1318.9384787100923	4013.0135929584594	906.5516915715118
22	36	1529.3045612213243	4461.902453806705	933.8655880233949
22	37	1144.483234552522	5084.969917272215	1105.0776230080949
22	38	807.1978385057076	3439.0135316390924	804.756182085747
22	39	1223.9739709174373	3702.065088725161	1060.9422463661904
23	0	8586.427997762654	2298.326538632166	727.2424928959334
23	1	10166.105855037993	2491.567786933391	1041.5914032805858
23	2	12907.342712838605	2172.238827407572	879.631984686654
23	3	8679.47996234341	1910.6371266744295	868.7890081511482
23	4	11536.624345384038	1794.1041840095756	1140.5665617491684
23	5	14626.286911628564	2463.576919234762	253.9868680539406
23	6	8914.842685605034	1832.786145618606	1019.8703237424836
23	7	7527.396117014852	2537.8407088597605	995.49422538132
23	8	10590.673994494135	2523.832842297307	629.4398579003248
23	9	13267.636585936662	2090.307149879066	658.8519116348868
23	10	7477.285340251778	1954.6690629983755	1592.5126134488578
23	11	11203.357949024501	1131.5644838445685	2682.01708985579
23	12	9083.060083478607	1961.5852750982035	1658.7998387052703
23	13	10619.640114947906	1740.4445927900802	2072.65206070887
23	14	12885.011450811426	1903.7237818560689	1457.2301579081427
23	15	7785.814266230704	1901.8672880851866	2122.1038547414396
23	16	11773.710488534569	2893.2476854135152	1347.346973313486
23	17	8254.204852712732	2269.623430927952	2432.600395510619
23	18	9723.544392985285	1544.0937873082416	2107.067626721896
23	19	11266.107477928992	2451.3446007575826	2400.1271586233916
23	20	1240.5079443989994	3776.160456704216	2001.575401032474
23	21	925.1916930932242	4104.073279070347	1684.1725791287563
23	22	1025.7492379113853	4003.5164522215714	2019.6179587059894
23	23	844.8798449956686	3829.579609637179	1243.896150036217
23	24	984.390641651028	3182.8833101885	2057.389898896347
23	25	1079.1484290037993	3752.9007434138425	2637.1826978074682
23	26	959.7092064831801	3825.4885056760922	1007.7376925631124
23	27	1515.4714301300687	4455.770787071388	1573.526636074407
23	28	1452.1767154491044	4634.418306802322	2125.7535734093117
23	29	909.5907683660234	3437.059395597507	1299.621562129587
23	30	983.2191240684601	5007.861910109675	856.4036819726094
23	31	1017.6840089515828	4669.200564043212	1019.8138965729082
23	32	1203.6238988083912	5059.819968591906	1320.7395913774644
23	33	995.1870588802736	3439.6971538175485	939.8109248845183
23	34	916.7718532728292	5269.112446097148	728.2138103445258
23	35	1031.459873281387	3090.8734867520334	1122.9116223918927
23	36	707.4748175905687	3944.5403555495004	1049.8401542628255
23	37	1028.1677698798746	3272.949875715188	1673.8778269551988
23	38	1300.5207757544676	3052.582128232972	977.7026040712854
23	39	1289.605039902516	2910.5562870997946	1102.22757577947
24	0	13041.36696332358	2368.5136909375815	691.2043842313359
24	1	14616.858272548518	3201.635300006193	1027.2174166137072
24	2	12295.354382346091	3465.4876326237886	943.5396179597471
24	3	10192.976690820396	2233.684040342684	1013.6552866948422
24	4	8015.691868053257	3000.038242727897	768.424751998366
24	5	8865.639019917016	2536.5478444159544	984.8120690029826
24	6	8645.905529402795	3065.7548403753112	767.9547179747212
24	7	11366.5141698877	2720.5867898371635	1572.6467715311824
24	8	9872.982236489841	1506.4358216024523	1356.1879478591984
24	9	7816.000798686164	2286.7152514579952	1064.1209375377389
24	10	10135.056456372491	2058.782099358399	2555.9018040951646
24	11	12345.160156369468	3042.962824461949	1555.3840147791045
24	12	6633.96105238624	1356.2247008932486	2044.6296151237752
24	13	8224.256314529637	1688.2793015576494	3040.7403949648574
24	14	7844.0323541219095	1604.1752459638974	2007.2069726185769
24	15	6882.880091396796	3022.7341837068766	1791.7194702392962
24	16	9123.056754932039	1991.2594054948563	1949.2739518743253
24	17	10027.533214418552	972.2808770594122	2409.227163638029
24	18	10523.02964787071	2329.4243700272687	1050.6863171611644
24	19	10764.197094485564	1391.6384795452923	1691.0129774556062
24	20	1226.4399963241485	3694.825139882807	1973.8561923580346
24	21	1197.2893299782602	4379.890990797928	1687.5886916017755
24	22	1181.258030624612	3859.372561626987	2553.4495070017115
24	23	925.6356938483017	4221.484672153383	704.7347508682599
24	24	1263.8500324969004	4587.8808887944115	2005.9075390150929
24	25	1551.9307172079755	2446.4011015915353	2479.845011475076
24	26	1458.359512406648	2788.0111707342303	2056.2437131264796
24	27	849.6554541284956	4768.697892915881	1963.7608757274131
24	28	1337.02729517587	5170.886139479636	1941.236440553774
24	29	1147.7643766220592	4276.875849216691	2426.758885429452
24	30	1218.6005411982237	4460.047204037543	741.6699291776181
24	31	1107.9514635387768	4455.596556869237	864.6106708274717
24	32	830.3178441961303	3782.881683542245	709.0966922555491
24	33	1029.8231599095318	6910.713055732771	1188.0249048938538
24	34	882.0736907702766	4101.564015460392	1665.1738763580895
24	35	1140.0871056038554	3239.335150003867	989.4862037457459
24	36	806.41271647569	2822.5955484779356	954.3757622342595
24	37	795.8792364223747	4321.315105822542	829.1247375006484
24	38	941.1545474395127	3368.8698441839374	1258.8310702066785
24	39	903.7380616831507	3084.0711945358407	1103.361605175246
25	0	11069.800124326031	2358.252691973305	1435.8200100326646
25	1	11332.624336801675	1948.7237231879587	783.0461499027823
25	2	9527.722417020523	2008.765215896578	875.5505374955015
25	3	10581.386430610157	2577.240003784248	992.8385047826017
25	4	9860.575330425065	2238.2479408302706	913.288963245841
25	5	12240.933740907007	2764.8228990443267	427.67516414541353
25	6	9310.844245505165	2047.7476263222275	1093.6124750501137
25	7	17208.08531037173	1865.8444237693063	1377.111250822998
25	8	12375.04369040013	2397.3998797723184	889.7458686504903
25	9	13405.223391180733	3317.8419405182576	472.26692019520914
25	10	6190.678737555317	1608.9099434172501	2451.739834050615
25	11	12883.900703084755	2635.1466705645544	3735.6652100556375
25	12	9485.567032522054	1719.3601505083493	3265.398165951392
25	13	11149.767311147814	1701.1193789333854	2742.191356098482
25	14	11781.373005115716	1868.7237223240038	1970.7644379500994
25	15	11540.491109694385	2071.649753824223	1684.1943661152625
25	16	6363.486715751501	2463.2481548047986	1920.2061379782988
25	17	11685.36287294419	2010.9716034173866	1380.8932126697139
25	18	13564.560863701112	2139.777835573297	1706.232893713182
25	19	12586.827312649579	1572.238741384397	2492.301592930707
25	20	865.345132635337	4033.670571630925	2491.7965061806963
25	21	1025.1245109458978	4411.346655867707	1823.4006735793912
25	22	1147.2323531473633	4043.8072124250816	1677.375581565841
25	23	1504.0449248806726	4956.746997492295	1879.2030389254862
25	24	960.3085589128655	3394.483549910696	2021.1865619166883
25	25	721.9563248916514	3673.6786680038854	1449.6648954713855
25	26	714.7273503942392	3472.0946047488337	2224.1238336528227
25	27	676.4274196586009	3220.8787062552115	2148.568512201062
25	28	858.4324490936332	4605.273609407879	1980.1301756071273
25	29	989.6765527353966	4042.166264360004	2367.0797049083353
25	30	1049.0114830976918	4155.6229439213375	946.308280884523
25	31	995.110841592411	3222.9150591094017	1431.3076255438068
25	32	990.7254619061447	4422.055342566175	759.5413051565752
25	33	877.4936090413983	5130.69423240597	1037.265699613039
25	34	970.1659952543814	3988.037925671777	391.3692576380699
25	35	873.649115262143	3449.5267449358557	1189.3890254824637
25	36	1096.9116089493484	4340.300397095561	849.903969831993
25	37	908.4289720670049	4003.844813979946	847.2629746990152
25	38	674.3379517168164	3207.2815560867425	1120.8885960161451
25	39	927.1287763284338	3526.7034732852853	540.1207106980459
26	0	9084.899079614488	2013.5439802816502	923.9402469517879
26	1	6479.952659619044	2168.0245350957434	616.9235652515545
26	2	12439.298908757088	1374.5018093132023	801.5674222366473
26	3	8719.743436764733	1857.5894147949261	1036.7239941577761
26	4	10683.014819964588	1967.2615271834204	1232.099136562475
26	5	12240.718891138891	2871.1109722377514	153.759674077601
26	6	13070.012330757601	1115.4802320749645	545.0966683714113
26	7	14959.26612711402	2552.588623294599	901.0185025960617
26	8	10400.312562941926	1424.3581481330323	1053.5169835296474
26	9	10641.456679742207	2531.170292852825	595.8718130555249
26	10	9963.60445833723	2072.2135538097687	2435.896150606093
26	11	9846.969516426861	2482.8021068736266	1810.4522944436033
26	12	13428.515437572134	2210.5507945029444	1665.7136829620222
26	13	7974.583250131562	1928.2395252044698	1763.2380894205082
26	14	10839.130231598547	2922.6945188582963	1828.1796697986035
26	15	8514.0948751023	2222.434035574925	1621.3094021053578
26	16	11537.981276304326	2665.1703963454993	-0.0
26	17	7243.7661998408	2544.0701750543144	1978.0460003278654
26	18	10092.242081299704	1965.0340953229095	2062.057025480154
26	19	7096.870489837613	2010.5940312338485	1643.7123324014049
26	20	994.9435484818675	3409.387108224594	2577.459733240654
26	21	1544.5918978109573	3677.0221106075196	1939.0792159429259
26	22	-0.0	5261.392621454037	2302.3797851101685
26	23	1254.4266791576358	2190.0027359796563	1566.3285556510432
26	24	785.9837886212898	3205.2687639462188	2017.6394210992346
26	25	1039.9684234090616	3293.8263992680763	2479.791090974439
26	26	1365.6557975958192	5389.154227616197	1850.7760121079857
26	27	1299.555540609985	5264.01001647302	2592.1950678475714
26	28	1238.8560475049828	4659.10110126019	1929.4464754267274
26	29	1195.400503183317	4694.895821687465	2883.7390498945983
26	30	1221.3207718281558	4415.435945147491	1020.0078405825328
26	31	1162.4626757823899	5367.463487544224	922.9527719682238
26	32	1536.7579212146898	3989.036647878606	1243.7350477454527
26	33	790.2288868575381	3093.519014892584	1077.487328338231
26	34	1238.6354733257488	4038.2744396293456	459.59618178802384
26	35	1169.7703428106333	4978.124919798843	1290.9663216170336
26	36	1462.105124710521	2923.53195309832	875.1242621552897
26	37	732.0925416973914	4270.863465646644	828.7396484261873
26	38	-0.0	5368.635849078144	938.0340433100826
26	39	1176.4279942608744	2884.6569855172324	1118.153793686806
27	0	9415.387136846342	2651.6186409267098	844.180859093064
27	1	9515.90846687202	1680.561317894444	1155.7143528890754
27	2	9470.480675561377	2166.5171668113994	705.2867052224615
27	3	10856.30658670126	1845.05170180792	1238.971164006517
27	4	11337.25085606451	1462.374372740194	972.4765155989086
27	5	12162.314788556198	2323.3368319573738	1198.2288330565123
27	6	7933.3107501476825	2028.4041499661837	986.9712357896257
27	7	11747.757891462168	2200.3447921940087	866.1397381683494
27	8	9120.462735530551	1888.2652910323197	971.3555865296372
27	9	7852.310293886069	1323.736165419005	974.2215563581206
27	10	11405.411780514734	1996.8111212482145	1906.9962150196086
27	11	8464.927275119971	1898.8132000227802	1331.8041293089925
27	12	9624.653149766438	2732.024008654008	1145.9163259523996
27	13	10451.842262611855	2011.0798693055276	1593.0532408660818
27	14	14247.324994611641	2800.795444391303	2211.9661325428137
27	15	9361.63181898926	2210.3455855659586	1977.1087895723301
27	16	9726.609526678503	2017.3993045706077	1775.8593867506088
27	17	9500.620496323918	2124.4445992127617	1379.6596577341697
27	18	11491.932457327974	2877.5960791025723	1523.5998603071464
27	19	11118.518352216615	1956.5011499829575	1224.7436529532133
27	20	1197.6295749847545	3416.5695785257712	1767.3791210995523
27	21	1015.5321334108704	3449.04217823974	2165.0065001432313
27	22	916.6945484612374	3354.3447908008725	1682.6632609304454
27	23	1105.2613756336452	5167.036567888658	2349.531341882427
27	24	1343.182314740301	4978.643045425533	2237.3249319412216
27	25	1119.6978014264944	4393.865114031716	1847.666878808458
27	26	1250.0935725916154	4178.568095545228	1857.5723442274452
27	27	1219.9335168244083	3216.4131476891066	2057.515292536496
27	28	1312.049039719422	3903.276242330924	2585.1822365148673
27	29	1117.8890250581683	2274.7526261245994	1629.859062980633
27	30	967.1793318351598	5450.284483037665	1039.7842105282516
27	31	-0.0	4937.581731029911	912.7912629193236
27	32	1417.830097519641	4404.220977339524	126.13501999196032
27	33	1074.8969029979298	3787.721428466388	953.3301161018766
27	34	1185.0211846485233	4984.65040616814	687.7615326572409
27	35	1281.3024009358119	4175.478871792246	666.4946473501013
27	36	1268.3645614376185	4278.206801280002	1370.6990164472547
27	37	1370.336391714643	3649.984211847358	1123.3524489519243
27	38	1201.5811446606797	3795.1941920542545	1103.0370907142308
27	39	1306.4049201837918	3164.444676222976	1100.9610291624306
28	0	6969.888316328771	1239.5603521915646	497.64849674070797
28	1	11871.043623564841	2665.301064559168	327.2412841261185
28	2	12986.804206485618	2147.3813805114037	1018.7833566745105
28	3	13337.94069840195	2795.9207282019606	789.6624398776823
28	4	9129.246575351575	2449.8898013132284	633.0765611157105
28	5	12557.945340385664	1485.5279761906772	1048.3486119934312
28	6	14412.56210492547	1581.0430893101357	883.4439501247309
28	7	13446.054101651935	1764.3144452467973	1579.098786745979
28	8	12254.806932951285	2834.9508542343215	1180.1419833909283
28	9	11143.58421702214	1524.7806190227536	1124.094968369553
28	10	10205.928173571865	2160.5225613744	3009.018302922091
28	11	10277.995576724223	2347.6979886450326	933.784425440222
28	12	13028.475998043885	1703.5267510932592	2491.046553972616
28	13	10869.512913769197	2173.411633986898	3159.577338361766
28	14	10231.749566825667	2109.678808488934	1965.7095258600361
28	15	12413.367709964024	1755.1868809166774	1600.3784800920419
28	16	11149.002055735928	2533.9485753643216	1772.2502774291281
28	17	4884.616532114	1410.2066647793686	1402.089830201799
28	18	9086.684039704522	1950.9842963246813	1605.431703398528
28	19	10139.41715727492	1866.96027312638	2352.1977158646473
28	20	1507.754406463779	4289.626966025563	1887.4557712951448
28	21	776.2851030395315	3653.4621127520477	1043.4777507411475
28	22	1305.3420864778407	3065.0813100277414	2373.371651057237
28	23	1061.2645479926937	4071.9391786896695	1746.2281928996238
28	24	1141.835228210008	5970.073886869578	2167.8618683239565
28	25	853.0738212637622	3364.2006697597167	1767.2153903384785
28	26	1313.1607532598775	2720.2427324163377	1963.8267670129428
28	27	1015.0390804326659	5405.219401167766	2582.0478756248763
28	28	674.0011536456074	3666.8652351911774	2230.0912293396386
28	29	1411.5428293348284	3906.878844562963	1213.5685976292013
28	30	993.8258478073996	5195.369329206487	996.902117205055
28	31	1208.360736964245	3889.825375046476	925.9322861759745
28	32	914.1450973757939	3596.1319498767766	861.3814795538067
28	33	1215.5514407929536	3951.555271553321	1135.6632211118128
28	34	1566.9329381500893	4537.723155156754	890.4749356620241
28	35	1325.6796653694637	6167.114759211681	1232.0528292616636
28	36	879.8249595151946	3741.360451614127	874.4906025467873
28	37	867.7508512486635	4161.946224942074	1493.543183101826
28	38	507.90806274750065	5315.580384802729	888.4984463293135
28	39	976.6209963310125	5127.477886540934	1038.9630227228715
29	0	10984.53786800602	2041.7955826633925	1069.073559788509
29	1	14886.237898289815	1909.1042322037567	1075.6359848941258
29	2	11495.769630514424	2559.2920360198486	1412.112163303523
29	3	7939.284795324281	2441.727774302214	1401.0203440610283
29	4	12641.175579196899	2599.049518959832	887.3970911667022
29	5	9709.037441522916	2289.722311225137	1028.6158087656772
29	6	10470.959991548809	1919.2372824943877	1080.3940718925483
29	7	10233.927716598375	1777.3150849485387	899.5212651972224
29	8	11167.547048350587	2908.136967628482	1048.91548655774
29	9	7124.981034516795	1487.7955187866266	932.9324353527884
29	10	9597.28621818765	2779.6815025266133	2210.9141348277562
29	11	10074.15559169276	768.9756181433614	2035.4002863791866
29	12	7233.182756871523	1609.462376944188	1436.6924387332283
29	13	14700.892680978684	2462.299471494421	2210.23253234382
29	14	9044.85459207994	2291.378799708179	1326.4428415762552
29	15	11812.556464083287	1574.1544217445305	2199.78445161915
29	16	6261.884027817835	3032.4774812105406	2859.5825962351564
29	17	8646.149954612023	2392.1418213486577	1917.0106974820692
29	18	8245.61257713962	1397.0240831020851	1478.4663835916808
29	19	7536.096394593814	2733.564228729868	2113.09362580629
29	20	1165.043518062853	5095.656487213612	1602.566126082596
29	21	1058.8130537167176	4492.271362133892	1228.3205265280324
29	22	1343.928130332342	4580.337690492315	1940.9001298018377
29	23	854.9053562318836	4298.430461858936	1982.8469474407839
29	24	1435.132088002145	4030.4992963207865	1833.709182321907
29	25	986.842212331781	3841.9048582838946	2173.4343012964714
29	26	1038.5621376836107	4529.715504624365	1278.3663586863522
29	27	1326.0890392420488	4614.814847200183	1787.1986314294597
29	28	1028.7523165257448	4061.685308635263	2002.8485079925267
29	29	1215.1105038558337	3599.244880517844	2734.0618178668356
29	30	1157.7372392264767	4771.802725963317	849.3898515286037
29	31	1042.2965734210838	4512.560231759562	1293.6724177050553
29	32	1118.0747258059773	5307.888105074206	989.006863063892
29	33	864.06382103704	4889.308419486684	735.7070250580493
29	34	1203.1537919703237	3733.097714321462	714.2498818651753
29	35	1209.3906484714676	3492.9208188638277	659.1403742028288
29	36	1707.0330221370784	5315.14014067078	1020.3078633270446
29	37	642.6316251725835	4865.433927966479	891.886760924097
29	38	813.2677060096971	5548.040926150695	603.8287514016237
29	39	1000.6418310145323	3646.0204333996953	757.2397939106021
30	0	13891.3664734979	2109.5131177148046	829.6077915608676
30	1	9768.18778546775	1175.4811206238742	853.0970055407987
30	2	9584.716107734666	1362.3544777654643	1340.5758878097502
30	3	9413.739835559207	2651.04711208696	1018.0514673732965
30	4	8054.654147255151	2003.4151500015148	935.0460025397865
30	5	9446.533049089423	2038.4952539760875	715.0165001590422
30	6	12361.67659676522	1842.9803764270173	1312.6004019242855
30	7	13196.394998962496	2137.77403993312	786.4166480393425
30	8	8576.986877011172	2310.3743749965215	1022.8935547582598
30	9	8282.149230916164	1768.612860718104	1166.0361654545318
30	10	7249.647850140175	1858.977547640087	1055.9659471728396
30	11	8896.374771883993	2250.396758499623	929.3693713286557
30	12	7474.219433664364	1736.371163703799	894.1063946749466
30	13	12872.10071635042	2064.826927378873	953.178492223845
30	14	16152.19377129391	2023.5650875291744	997.0134380165522
30	15	11941.9696454248	3086.615625455101	905.8875370847659
30	16	11980.464815981532	3405.2429345621567	829.6488518064432
30	17	9417.307293247935	1286.5964766986067	1107.6805900469196
30	18	8310.290545430753	2381.220396267024	1422.5040592422508
30	19	10927.932275405241	2200.6622133379087	619.8525501013416
30	20	1163.0872770934125	3311.8260736309576	1054.4564460834713
30	21	1092.283228347897	4763.555545873605	797.3974765012825
30	22	1199.1408183671897	5197.6997491370275	1105.2680299950325
30	23	1230.2369085278974	4598.87148670242	597.5849480191197
30	24	1264.8700905416983	4411.727489717776	1228.56469300692
30	25	1018.986595917663	3709.2031551263062	878.3541023733646
30	26	821.3598277713882	4481.284873757748	1055.8706330087905
30	27	1044.1048181182596	4972.2802827256455	858.7224686001749
30	28	1418.4179129774602	4292.281833537954	1244.5785343445775
30	29	860.5112024615656	3865.1841849028237	945.956221576842
30	30	935.1463516891397	3362.29752631533	1111.1367338313921
30	31	1156.6685321837667	3461.3966020789476	632.0998626275709
30	32	1273.036333058984	2748.90342820032	1137.9002556059877
30	33	844.8330976226115	3702.4088326283236	1039.3243552545434
30	34	912.0208557517176	4225.403154734931	1195.7425981420645
30	35	1049.5541949077387	4477.718726985304	1307.1526975398772
30	36	948.9498402680716	6054.312905124859	490.8187085213846
30	37	1075.4849815906757	3799.540101902107	1043.5357916301227
30	38	1196.0934141912085	2975.781720912235	1300.8175773308112
30	39	905.9190634079104	3331.5391028502404	1005.1729174561846
31	0	13557.963525491541	1599.1548816922125	751.78530236239
31	1	8056.2231214172925	1435.3627120570586	914.9677997391329
31	2	11534.010668075854	2206.049293762094	835.7492219991263
31	3	9672.33513650302	1539.1761373296367	1637.5813667391874
31	4	8899.375610176701	1798.4714778534303	1063.732452616408
31	5	12383.363313704207	2408.424639316774	1488.0646744005542
31	6	10496.202384480142	2948.859218046585	776.4498566639119
31	7	11153.964343255413	1883.882828302142	793.3267986364316
31	8	8440.460247967329	2829.3190925643544	1037.2475143814243
31	9	8148.921844306529	2514.476818498447	1026.8232191459172
31	10	7374.5618852193675	2369.560426198562	1209.620546929735
31	11	8024.246336823482	1941.183617203018	610.9270750865143
31	12	10170.565105429143	2557.3873856729438	882.4050554054428
31	13	11519.961936351589	3113.756532511743	1316.859922385182
31	14	10028.061421984066	1925.3529576537132	1341.4602446684657
31	15	7881.028126439755	2670.9232295778943	313.4128372042871
31	16	10919.165766409138	2194.0270585397047	1046.391655034071
31	17	9245.646685387359	1288.0606774037356	1035.2624763081062
31	18	11524.013540154609	2494.6413663636285	894.1869299825768
31	19	8752.73876040913	1553.7443837969456	1128.0911163066578
31	20	918.5163318800768	2925.8023233702324	988.4835986683946
31	21	936.2847747019271	3953.321754210128	1127.2753818424405
31	22	997.9209258479548	4196.580173386578	-0.0
31	23	1042.5651668583585	4620.627185350025	986.5734643511295
31	24	1237.2057823649652	4442.324693068778	1017.6773834715633
31	25	673.9463814588523	2613.4138390116573	1197.214304260765
31	26	1394.7240078912725	4856.442687089964	1050.3350402738513
31	27	912.0734013760884	3088.478437251225	348.79155822870274
31	28	839.4809030565541	3598.8762426020126	786.4301336813191
31	29	921.0420621866032	2837.118292177999	1140.0768902189807
31	30	791.4177960389297	4145.18823556273	1171.0911357401662
31	31	765.9342931805445	3389.971774880183	1072.4181578276555
31	32	1152.8173986359197	3678.719522828136	533.9036552172157
31	33	1136.6330320892582	4606.938290953539	823.5196317758155
31	34	1027.5883391873645	3494.1814137348115	836.8894086185738
31	35	810.3644587289161	4796.7497827067555	750.2693165819323
31	36	1081.1633075419954	4720.382467977991	1470.671117449934
31	37	1002.3111794850555	4396.292917333276	786.4441481490227
31	38	884.5235071027424	3985.0156017507925	996.8590846471643
31	39	975.020634287002	3142.3333786607923	1242.5071690885497
32	0	8854.571159180534	1434.0358570337646	1233.6324715813312
32	1	7780.086792105874	2453.395500951499	855.4673621115371
32	2	8198.542183345486	3196.1122850693546	592.7666953428022
32	3	11256.76851795608	2043.3460118199064	374.7921075798262
32	4	11898.547024593687	3205.720458261233	157.2242128226879
32	5	8289.975736364999	2265.21096676665	1057.041346669232
32	6	10690.940009648264	1851.1503000677685	894.4473629394959
32	7	8500.21145352435	1926.5700290008056	1174.342423587969
32	8	11150.738204055957	2818.9669197857525	1021.4301588803347
32	9	8389.180069665621	1760.6283027504553	1130.3343996881918
32	10	9044.672107569246	3297.9289367327383	960.3797920007543
32	11	12653.338477521986	1654.6426309199408	629.5658259529996
32	12	10720.974482987212	2279.807447755202	322.19437306218157
32	13	8171.590967229604	2555.7932855317	1124.437375442267
32	14	13521.848530305408	1188.5284629186722	1318.8761274777678
32	15	7816.7033042149715	3434.7046427165474	743.4420530745602
32	16	10312.787249143468	1597.1242192566185	1301.4378806717325
32	17	10267.918841515195	2418.394193564372	1286.9384861591968
32	18	8216.594000119381	1651.2648724982625	1188.5263540124427
32	19	12634.047145757431	1813.5512202641394	969.3794151886614
32	20	1104.9649769190578	4932.30158638746	707.8153820649117
32	21	893.3051911096313	4135.153410666618	1047.1162459772354
32	22	1534.8003322158477	5759.400089383252	415.27386287507886
32	23	1106.3671850878736	3332.293058457771	731.8579519686452
32	24	1148.5073930686456	5248.556763387512	924.9647566537036
32	25	1200.7094541791803	4792.127513815082	1129.1891126732792
32	26	1015.7291924666833	5096.153889021158	981.4881906509198
32	27	577.0851222366766	3602.7055450584776	1135.851163795752
32	28	1260.1645113155698	3240.100864138042	1317.7491605658206
32	29	902.7918325670969	4629.744313862549	942.5070659995893
32	30	667.1439018088705	2937.0610724301537	805.2468103978655
32	31	1169.8374188220866	2941.1032128365814	1367.2812625355764
32	32	990.0858787243724	4899.806134461347	630.3259887352386
32	33	1157.0440848155258	5340.691941990724	1007.614990836063
32	34	1459.3784890626255	4363.892190261939	992.2713571776529
32	35	1035.5016722030489	3887.602948313434	900.8068950514123
32	36	1342.1336530020678	3685.9927546981794	1266.6961981314448
32	37	1086.2305025382464	3567.1954468972745	1207.5805820115158
32	38	1107.0541160282755	4182.553632269615	852.7436756464615
32	39	1316.3842639147526	4398.561793374574	952.9871792574119
33	0	12652.224621939946	1763.377401692478	822.0961671159691
33	1	14238.98374742536	2003.9199732658471	1036.8461501468223
33	2	9427.651468394051	1649.6562879038136	1129.99356181237
33	3	11764.911421961984	2167.61543587499	709.6137698751107
33	4	12751.121226810972	1649.8814052282676	959.8923541482316
33	5	11371.265252195832	2143.236640800841	1726.9311721290558
33	6	8775.502475459454	2436.738840661818	1068.8874250157876
33	7	11193.445457160375	2037.2185766792104	1203.631613745053
33	8	11161.51364827517	2378.4681263087423	910.6424863272613
33	9	11739.054554610635	2510.73919635264	890.736152671628
33	10	7135.275283559388	2554.5473155591203	630.1530455549665
33	11	7753.4665962395475	2099.3780875186244	1140.656066398195
33	12	11065.843562670616	1633.4898802742016	989.8268919725119
33	13	10529.907774175468	1516.3591393327044	1164.1548622259197
33	14	8133.467977758321	1847.2107162491263	1105.8439698721031
33	15	7359.837575036303	3334.170384829395	1119.8348377912114
33	16	11497.656449360435	2591.554688731244	826.224903731177
33	17	15279.902566214563	2556.911144407557	1071.7987408571973
33	18	16793.138292426636	1428.3730832429167	1407.6525623225386
33	19	12426.463036381667	1187.4070427139184	968.628870165002
33	20	1122.7820246200338	3074.3028513688323	1052.579869406108
33	21	811.8974918983022	3707.023294353681	984.0062208105263
33	22	1035.9762653879884	3673.8981833576527	902.0399449953317
33	23	890.4402406318204	4562.50001916319	653.0240740450088
33	24	899.0207858880096	5358.682681658359	926.6933869253768
33	25	1196.635725807851	3641.4119799234945	805.4226203966082
33	26	1022.2294238462433	3407.0431499411948	948.7208157788097
33	27	1075.015822037066	3315.7670601336104	863.5357078289472
33	28	1400.6464732042475	3741.0420064865343	1056.0294922485978
33	29	1069.7097862456937	3738.926126186464	579.9731093232461
33	30	958.4939983295841	5086.81649728298	579.707067334303
33	31	1103.2132966766476	3018.365828682457	1309.6089910752244
33	32	1137.0743725316584	5183.330751314501	944.4889728645788
33	33	1258.1859517795663	3247.366696065681	774.9091021624445
33	34	900.624682051118	4486.595739016585	909.7761488874072
33	35	890.2562135627019	4746.027753516851	1131.4161332886658
33	36	1014.7979440781894	3870.558776783374	1000.2795596035301
33	37	1333.0929080605406	3986.325243250564	894.1968268377974
33	38	853.621656137813	3536.2587893858313	1114.0441285775912
33	39	1296.5965406240623	3604.1229301041735	474.59308462033783
34	0	9040.537044961571	1841.474348747605	828.3179680042833
34	1	9457.787825095202	1660.625788533989	1000.9928753944399
34	2	9579.016242037032	1383.0620826574639	962.2876763930915
34	3	10315.018473624397	1907.8420359167985	814.0570333519917
34	4	10563.604078895334	2337.356631627756	1171.8211372460066
34	5	9148.544792731915	2839.1050694050173	1326.4107851795561
34	6	10794.738720599704	1687.5549233741244	1105.2799165478991
34	7	11656.113681739438	1994.661839408633	891.2778507580873
34	8	8056.101609108795	1698.375641972792	1194.5141740198342
34	9	9215.422302757515	2099.2986140968937	696.5423861582318
34	10	7450.540882697797	2104.986626739421	738.6169926125947
34	11	14246.402229412082	2116.773427040094	1839.1438489098934
34	12	12613.986899006475	2050.9385056319015	986.8370256184951
34	13	7149.861322422052	1460.6273152503252	722.2501368727067
34	14	11493.292277349032	2706.5861081200014	858.3898123148832
34	15	9911.863497971859	1851.4048424913683	1226.0343189251826
34	16	5240.398876147147	2560.9325185115026	913.1036701320988
34	17	9842.77138285777	2048.431256134807	675.9033581587378
34	18	7938.330682496984	2223.581383667308	914.6035138285489
34	19	11502.292203093899	2678.4391963012736	972.2935886128487
34	20	788.7623951857124	4336.421527981227	660.6068509212764
34	21	813.5319587798035	5653.613953733882	1248.0436980162792
34	22	1229.4012247857936	4075.896984551901	871.9199377560949
34	23	1027.8673389542253	4150.998821223673	835.2453113527697
34	24	1054.6751775237065	4592.770756664211	1084.7510498591332
34	25	771.7889315229227	4016.8204488584865	900.0955395670433
34	26	872.8891634900987	4938.5194502652375	1247.7703472220853
34	27	1183.8565092198307	3343.988212766141	495.75731253462044
34	28	788.3900279022347	5350.381594965652	842.414223533217
34	29	1239.8705659887567	4746.730439532061	614.7276676537767
34	30	985.3765021433122	3868.635859228199	722.7168147454831
34	31	782.5295931444288	2210.812172527132	925.7044308097679
34	32	998.1880149785057	3660.1995508908585	874.8665975930262
34	33	1331.3578096137098	4818.715483247224	1323.8486728175644
34	34	969.6209480165991	4736.658593005902	745.2731225963779
34	35	960.2331897838691	4021.9840462612024	1085.002779374089
34	36	971.3276459877638	3624.8342221235835	349.2752647731993
34	37	985.024821893792	5085.536203260746	923.841283974407
34	38	828.7061982057487	4756.966087224257	1369.842559715455
34	39	1073.1542892444002	2908.660448690463	1016.3295179652849
35	0	11978.310113728876	2738.606268952326	744.6824181415878
35	1	14172.533594823424	2151.1904026575944	863.5885428378639
35	2	12260.091713770193	2004.074090649504	1107.3713581567026
35	3	10118.193133565821	1621.7390218895334	747.9628583171294
35	4	12887.64356380132	2161.7064823202936	1345.7045384665323
35	5	8670.40616329169	2140.1782223933596	1045.5762779644313
35	6	7605.844736474096	1692.8360871478546	1415.8644381752886
35	7	12982.408393861051	2412.2495072703173	674.6706386055764
35	8	11399.771148808311	1661.6556372215039	926.7956605712167
35	9	10031.930697307494	2009.5372692593298	923.4793829973248
35	10	12971.169296664746	2128.906239499825	855.159952404681
35	11	8636.246397110406	1960.2244937647636	880.6932213903056
35	12	12667.265348592568	2294.581710566032	790.6908635845256
35	13	10396.269787077592	2760.784016304453	1098.2416978038655
35	14	10290.908375130532	1680.4744103433347	830.1952191420238
35	15	13123.003065720992	2317.192624349625	939.1947501846109
35	16	11977.088383815328	2025.0690485185262	1056.6063838354173
35	17	10910.218201077803	2496.399047042429	810.5304746876719
35	18	14729.332786346538	993.2418841241828	693.00321318315
35	19	8684.691536991404	1556.4645920369371	978.301173944638
35	20	1293.6582786895099	3453.5884002251655	860.0546845529321
35	21	1003.3690568989765	3629.9446544024954	988.984949790052
35	22	1329.8027004829387	3628.671557897048	988.4421870935415
35	23	955.0853811127256	3414.9753662919898	1277.7118454338279
35	24	1001.0566159454573	4286.395369590256	1228.4410378348541
35	25	626.7661043354512	2935.2548082552394	800.8113052138971
35	26	1408.2594359594775	4208.276473123931	1316.5394911307417
35	27	1247.9578876544122	4438.811026740392	938.1529026935145
35	28	888.5898582942682	3207.298713368171	825.5988312770081
35	29	1294.9370215082777	3206.033491473896	958.8319770714845
35	30	1215.711855001511	3443.421021553828	1416.07985357179
35	31	876.3474829059157	3464.0857111333926	768.3968716585129
35	32	1107.7299862611992	5120.508699993778	624.8166089795286
35	33	1050.0666666995983	4150.762095500662	760.2028179598559
35	34	1004.9553141610951	4704.202648171997	1003.5978607337313
35	35	993.032878142111	3601.6062789030716	1302.2388051324583
35	36	897.0647860161122	4428.749418044861	1111.2545435006714
35	37	1305.6643063941585	3856.5146909797236	533.2592876966567
35	38	1284.8924145348144	4399.046671063155	816.4635723882612
35	39	1408.2707587996867	5276.949346079399	749.029097161998
36	0	12286.601358969336	2817.4504588140044	996.6604262106562
36	1	7367.640061134191	1982.8447571043264	1390.4868611084605
36	2	12977.408143566401	1421.8101693650685	1317.5035632511429
36	3	7431.04224283767	1601.7401062485974	1242.830511960838
36	4	8609.50209741525	1982.472170646703	1089.1439906199194
36	5	10237.416624573023	1366.673085476643	960.0800004503025
36	6	6791.525235581576	2459.0165406233027	685.9447768080614
36	7	10842.68000582569	2840.6298472945145	638.7653671257112
36	8	12606.16130879074	2581.2253933232773	1056.7055828930352
36	9	8449.143611937596	2243.547344264419	957.6277120904764
36	10	10429.479704636407	2106.6058659909945	1108.594628315387
36	11	12506.075591937695	2248.8358741705806	851.7695450335298
36	12	9295.321204141248	2449.946679666585	1036.4169300938306
36	13	13599.794717198201	2160.0099779508273	505.54135446187524
36	14	13600.609213570684	1252.3046873798305	1269.5929538944647
36	15	9184.292461810584	2183.2144989388485	1444.26551847219
36	16	11825.926330750824	1727.9545681221255	1255.0771098459184
36	17	7984.125821466606	2336.0681823361083	1077.5478485324575
36	18	9789.91494933011	1519.6164617939846	893.4221714934272
36	19	11558.723895661347	2517.8982545847502	1168.396992786997
36	20	1089.176412436297	3042.9510367801868	896.3881094155073
36	21	1537.626127206988	4486.460115562892	1530.1431551706517
36	22	857.1218016903578	4586.261413435036	971.680060040729
36	23	1321.585856609379	3459.489529842093	1007.4281056350665
36	24	1357.9433556252347	4144.283995408499	632.6192562379554
36	25	1188.6185913808506	4153.99281725125	885.140709363509
36	26	1189.1123284827597	3627.1867249601564	1037.0652059362042
36	27	1202.3152339407525	5946.545506003887	957.3221356776746
36	28	1111.7060143389303	3380.918635756457	948.0471844256643
36	29	-0.0	6199.446706745463	1253.992457791835
36	30	1155.9884125138008	2569.059210534262	1381.0775693287308
36	31	1081.8785804786535	3290.678439974633	1172.212471421301
36	32	960.8846101566362	4034.6956300766433	411.07016535744356
36	33	987.5698408137888	4873.21854564962	1210.0183324085804
36	34	1333.665438673158	3722.6341200318757	1027.1285910881863
36	35	765.5503530196445	3540.426141173351	1033.6248029668839
36	36	1134.8472348726718	4786.268637039349	712.303328436168
36	37	1181.5562106902778	3079.9157466895117	762.2928200969891
36	38	1362.4777742483325	3276.899031330993	831.3024234091081
36	39	1508.7948339969519	3489.8699005140243	1032.6153467301897
37	0	8521.836996849437	1800.0072288911058	1281.368827999997
37	1	8341.125874551026	1922.3407520206533	954.412775939763
37	2	9398.063741602438	1696.8722809171652	1380.7791702009047
37	3	7941.6780838355035	2150.6144573949487	1360.277043165423
37	4	16971.2278458616	1453.2435431042586	1490.9433809078657
37	5	9687.794146885682	2254.0136167290643	953.6789585937614
37	6	11869.543062744071	2108.055603721608	849.005496763501
37	7	13208.374808897597	1850.787527201723	940.8745002653444
37	8	11940.017001606087	2660.1375511336905	1592.8944010225052
37	9	10953.049856421218	1590.2506541236933	626.7131812024269
37	10	10125.484348809005	1891.4791247394623	924.4124854676771
37	11	8693.788848638804	2098.6596444062384	679.2238910112235
37	12	9940.216275191262	2423.026412060775	1276.3952231741932
37	13	8968.775213988389	2459.547517481102	899.4950499618042
37	14	13545.337384955039	1604.5426018443682	1167.1264342783768
37	15	7593.574823356518	1958.3513161497199	840.8047619341371
37	16	8914.532914992144	2139.5965749843463	1116.6461157430015
37	17	9818.758831977928	2099.0638056406196	886.8772167525195
37	18	9608.595439941784	2312.995472609175	808.6122702376578
37	19	8628.107657145447	2482.745118588353	884.9335850040802
37	20	1213.429354569915	4886.867732933673	792.2139100554526
37	21	1034.4648393400535	4597.9385701973115	771.6268757096783
37	22	1058.7900565431516	4984.258482216623	1550.6307533577499
37	23	987.9310913133888	4091.8341960511098	1413.5460039634645
37	24	751.5592077674679	3390.769735570261	842.0852695827652
37	25	972.4021719696664	5796.222734628222	784.8578066471891
37	26	741.0741362256929	4212.07091058074	926.246237061728
37	27	1462.3633486032027	2595.1346081352312	1083.5686182850206
37	28	771.618702332254	3063.9637309546138	1163.0320415221079
37	29	912.1700844742014	3399.688653135055	918.2710403182015
37	30	1114.5301910316057	4707.356093814722	616.4869179398518
37	31	1353.6011204969077	5651.182452159877	1222.53697166936
37	32	881.836197042836	2821.3613819626803	656.9295018154489
37	33	957.2183852128711	4241.32003698213	1147.433199978768
37	34	1060.2891307083326	3161.590652377059	783.622377222721
37	35	1359.2574063064974	2653.6614369850677	731.3345640749468
37	36	1017.9443781154094	4891.570240905429	357.258199663157
37	37	1072.963697296663	4043.028914949207	995.7410679439452
37	38	1064.7028148306506	5017.473779283431	854.6492913394749
37	39	901.0216453242125	3645.263779267555	1128.3119661844216
38	0	10911.98982443956	1946.2529218379009	1236.6012645674064
38	1	11556.1739142081	2191.0366155414085	629.3242140106125
38	2	7889.7743289226055	2780.6824495823075	691.7799700096614
38	3	10624.194426901578	2227.7845839101524	802.4843523775963
38	4	13341.272442186517	2117.667478957502	856.9031040630277
38	5	12248.202252026398	3080.22736250393	482.45033594803704
38	6	10696.285815371102	1658.2842770189209	841.7898846806265
38	7	10991.717545115534	1750.696641842691	970.3360544534438
38	8	10106.707903299228	2494.206601322047	719.9694421828814
38	9	12700.196277489056	1383.229020636335	1168.5618304117443
38	10	9864.902447887842	2496.371445470209	987.3833921891962
38	11	10927.701937429332	1837.9244161542351	1025.9231346699319
38	12	9291.92035027794	1716.4854800095907	1040.30589995408
38	13	12385.307234538852	1470.59502478847	1270.4338991675363
38	14	8808.82483779277	1702.9199970814952	935.0537422191477
38	15	10130.212372847087	1685.8848299042834	534.7498451205731
38	16	9735.393041417883	2003.0402070567416	725.282828592472
38	17	12569.273477174054	1488.405701080631	831.0118744408604
38	18	9117.396555443553	2023.551694852682	954.3694441479917
38	19	9778.166000298525	2268.864662837017	-0.0
38	20	931.7852161451498	3175.7178459866727	1058.0076278751176
38	21	1197.8459938060453	2843.4401601055656	556.5069834294267
38	22	1133.0196777368592	3361.383117677731	866.8769599597967
38	23	1225.426414174725	4184.541000736091	908.6446700904943
38	24	897.4447874810472	3641.5588198465275	1059.753435146706
38	25	1255.2263375554016	3491.498818850982	917.3774585721299
38	26	1617.1495892286155	3773.5441631848716	686.5522337196727
38	27	1190.734989913379	3611.6514714344557	940.6363828371084
38	28	1081.2931335805654	4747.689005223345	552.1805818347359
38	29	1064.737300301557	4473.118467698503	970.2339362341942
38	30	-0.0	4468.174049620694	1106.1859016952192
38	31	836.703434943401	4031.084332771295	1089.1969367123363
38	32	1488.5986644723343	4489.737239135008	877.4048138472217
38	33	1272.131121275611	4566.919817330256	974.2971999781811
38	34	877.6307566199284	4675.468418882604	848.4001930541247
38	35	1204.4167877084744	4488.258005322304	988.3494506208875
38	36	1456.2790763651242	4232.301571868143	868.7876541023293
38	37	1039.1210857511774	3921.494347981943	1347.3606715196886
38	38	977.8601594059786	3485.9465785097036	1292.6016608400614
38	39	836.4455627212728	4196.122000634511	1340.5584367066767
39	0	11136.330073421259	1773.2514306073	827.0587318135359
39	1	9535.319823133299	3077.6402674385045	1062.3539720673732
39	2	8201.034282718801	1180.806883341814	1438.719184147971
39	3	11256.687669149194	2541.383628896051	1257.332177242658
39	4	10281.41796986692	1491.3695542494472	816.9814609190314
39	5	10227.286399125223	1345.5146066164818	801.9694277893801
39	6	9575.489606598816	2225.5397316199014	738.9279592979505
39	7	9048.294996310704	2024.8237290407835	1041.8402400738064
39	8	8948.969821979714	2060.1582058040835	740.5714703868565
39	9	12766.63039246542	1804.2383365957373	770.6640690390708
39	10	9874.028284447593	2358.312103087257	1070.1116940499269
39	11	11168.978798448712	2196.794894934153	1205.377335156998
39	12	13452.225105079751	2172.009762354863	1510.6966386596578
39	13	13955.509253112548	1451.9542414380792	836.4927560508369
39	14	10688.175416871745	1796.1586572875742	1022.4892417079618
39	15	14698.021130988576	1443.7115988987111	1137.047380308509
39	16	12093.455897067302	2080.09434455434	838.1868523582892
39	17	7626.843127642288	2031.5858062259078	1368.3240300988884
39	18	9743.990593890363	2984.520378384357	430.16272838226206
39	19	12494.659186543475	2106.318389333895	826.5889829944705
39	20	1028.6972396913666	3498.7474387607936	1136.4401844101578
39	21	938.3343370759532	3954.862712398053	1028.9072704702824
39	22	1598.2745716782435	6074.729209584347	938.4493174576847
39	23	838.9951982979173	3502.231429941096	765.1381133761068
39	24	1119.5017458597451	4049.3556451051613	712.8501550574847
39	25	703.182276061353	2437.4049040253553	719.5930904389752
39	26	757.5736655002906	5367.454350164969	993.8087240185855
39	27	987.0347062908895	3577.5965626059215	827.9444214908035
39	28	967.3497700238447	4168.165647055962	1270.6060571811743
39	29	1237.071217048977	5283.281847801933	1489.248382564565
39	30	1091.7529452728472	3517.531329534492	1064.8698988372644
39	31	939.3316668450756	4300.809635868205	1335.7701733888618
39	32	1071.7744062204015	4657.478280908725	1115.6082759536077
39	33	1103.0501874866804	3090.3425593708453	980.6239214366459
39	34	1400.6882702786256	5077.690750773344	697.2372321012991
39	35	1009.1525173455358	3886.6280437237665	1128.7034188816008
39	36	1064.4299587353446	4877.102794139346	864.5271932887053
39	37	1047.5831143237292	4196.691207874368	990.4789629699571
39	38	1108.0448678387252	4457.389521152915	1163.900719848309
39	39	1256.5062762726327	4459.196738543739	1350.482978658341
