Formula	Mass	Initial estimation	Number of pixels	Assigned
C40H77NO9	754.52353956379	9.666881379379985e-09	1	True
C39H73NO8	722.49732481451	1.2735542495189095e-06	140	True
C45H87O12P	889.55722174149	0.0	0	False
C48H96NO6P	852.6612333149201	1.6765627030063632e-07	59	True
C47H95O9P	873.6350781390499	0.0	0	False
C48H93NO8	850.65382545991	0.0012182359475225938	14250	True
C39H73O8P	739.46801280891	0.012135086409920705	32523	True
C50H92NO7P	888.62484780604	2.1428535585473684e-19	2	False
C50H86NO8P	898.57281223262	1.1023134511853298e-06	94	True
C41H77O9P	783.49422755819	3.955917296204521e-08	4	True
C44H87NO10	828.59670450669	-6.431545926484003e-12	0	False
C48H92NO9P	896.61467704644	4.46935363325115e-08	5	True
C42H79O13P	861.48953610353	9.254577241757795e-09	1	True
C38H75O9P	745.4785774936499	1.868342284615055e-05	1101	True
C36H72NO8P	716.46326178084	2.833821652325495e-07	31	True
C41H74NO8P	778.47891184538	0.00032607605954466636	13079	True
C31H54NO13P	718.2969843009801	4.325052853613868e-08	4	True
C42H84NO8P	800.55716216808	0.005599178280616171	31150	True
C41H72NO8P	776.46326178084	1.4791613684850774e-07	12	True
C40H80NO9P	788.5207766592	1.071855098457199e-05	708	True
C49H99N2O6P	881.68778241593	-3.798680345766755e-19	0	False
C50H99NO8	880.70077565353	5.820120216966711e-19	1	False
C30H52NO13P	704.28133423644	1.2947817090141977e-07	15	True
C37H71O9P	729.44727736457	7.184260855972417e-09	1	True
C42H71O13P	853.42693584537	0.0	0	False
C39H73O12P	803.44767128971	7.017524101584825e-09	1	True
C38H73NO8	710.49732481451	8.101492529304486e-07	81	True
C42H77O10P	811.48914217839	6.10323126610911e-07	67	True
C46H89NO10	854.6123545712301	0.0	0	False
C40H76NO9P	784.48947653012	1.6148045533406218e-08	1	True
C40H71O9P	765.44727736457	0.0	0	False
C48H91O10P	897.59869263017	7.413665782523677e-05	1136	True
C43H74NO6P	770.48908260498	2.2783915643736328e-08	8	True
C41H78NO9P	798.5051265946599	3.8404256795725786e-07	31	True
C52H105NO4	846.76806736635	9.991277652428144e-18	1	False
C43H83NO4	716.5959166564099	0.0	0	False
C38H75NO8	712.51297487905	0.0	0	False
C48H76NO10P	896.48439115032	0.00032740773904305553	11923	True
C42H77O13P	859.47388603899	0.0	0	False
C50H102NO7P	898.7030981287401	0.0	0	False
C45H88NO7P	824.59354767696	1.9651281382717142e-08	7	True
C44H79O9P	821.5098776227301	2.6198781279017267e-07	36	True
C45H89NO3	730.64795222983	0.0	0	False
C42H81N2O7P	795.5418464552699	0.00029049399448452664	8432	True
C49H78NO8P	878.5102119744599	5.371055032278725e-07	41	True
C35H65O13P	763.3799856517501	1.0452080455109255e-08	1	True
C41H79O13P	849.48953610353	1.6708063351991597e-07	19	True
C42H78NO9P	810.5051265946599	1.0017487119342749e-06	104	True
C45H80NO10P	864.5156912794	1.2586339176823147e-08	1	True
C42H83O10P	817.53609237201	6.593161247373491e-06	875	True
C42H76NO10P	824.48439115032	1.9037343185803925e-06	150	True
C43H83O9P	813.54117775181	4.794794062143703e-08	5	True
C40H81O9P	775.52552768727	0.00016403202065829549	6395	True
C48H97O9P	887.65072820359	0.0	0	False
C43H83NO10	812.56540437761	0.0	0	False
C40H75O12P	817.46332135425	1.0967809464146629e-08	1	True
C39H77O7P	727.50439831779	7.77889679354598e-08	8	True
C45H92NO7P	828.62484780604	4.576337287075941e-08	2	True
C41H72NO10P	808.45309102124	1.1766935056657714e-06	123	True
C47H96NO7P	856.65614793512	-9.060919097220084e-19	0	False
C36H68NO10P	744.4217908921601	0.0	0	False
C39H69O7P	719.44179805963	0.0	0	False
C46H91NO10	856.62800463577	0.0	0	False
C39H72NO7P	736.46834716064	4.4465506590838876e-08	7	True
C39H73O13P	819.44258590991	1.0896604877333082e-08	2	True
C48H89NO9	862.6174399510301	8.535575267914174e-05	3783	True
C41H79NO10	784.53410424853	1.5783235231664082e-08	3	True
C39H79O7P	729.5200483823301	0.0	0	False
C36H61NO16	802.3627413888701	8.617948846461713e-09	1	True
C45H89N2O6P	823.60953209323	3.399412015544578e-05	416	True
C46H79O10P	861.5047922429301	0.0	0	False
C34H65O10P	703.39524179115	7.154398204981242e-08	8	True
C31H53O13P	703.28608526451	3.602795128261516e-07	48	True
C42H83N2O7P	797.55749651981	2.4185457634075723e-08	1	True
C41H81N2O6P	767.5469318350699	0.00044083914955459164	17916	True
C45H86NO7P	822.57789761242	1.8530616849851567e-08	3	True
C44H83NO13	872.55014823821	3.9427517830030523e-08	13	True
C51H103NO5	848.74733192201	1.6111446382212847e-06	140	True
C37H61O8P	703.37411242167	4.43597486532436e-07	57	True
C45H89O7P	811.59829870503	7.997670138053688e-05	3216	True
C39H67O16P	861.38037957689	0.0	0	False
C35H71O9P	705.44727736457	0.0	0	False
C41H82NO8P	786.5415121035401	0.00026822138855616865	13459	True
C43H83NO9	796.57048975741	1.0863569200131709e-07	14	True
C45H88NO9P	856.58337691736	8.648885389502202e-05	4486	True
C45H67O8P	805.42106261529	9.603301704798417e-07	68	True
C41H85N2O6P	771.5782319641501	3.6876011965183488e-06	393	True
C48H93O9P	883.61942807451	0.0	0	False
C42H74NO9P	806.47382646558	9.290299927235223e-07	86	True
C40H74NO9P	782.47382646558	4.687722678529269e-09	1	True
C48H96NO8P	884.65106255532	0.0	0	False
C38H74NO10P	774.46874108578	4.283517883844232e-09	1	True
C34H61O12P	731.3537709024699	1.5035659565978025e-08	3	True
C40H81N2O6P	755.5469318350699	0.0002565465331929831	15392	True
C44H79O8P	805.5149630025301	1.1588118993083398e-07	12	True
C40H77N2O6P	751.51563170599	0.0004395529424319446	8810	True
C45H72NO8P	824.46326178084	0.00012474265428678394	6069	True
C41H71O7P	745.45744812417	2.091155437387457e-07	20	True
C42H81NO9	782.55483969287	0.0006687321360920171	13973	True
C36H68NO8P	712.43196165176	4.990397589292872e-06	680	True
C43H79O13P	873.48953610353	6.042775620697398e-07	71	True
C44H84NO7P	808.5622475478799	2.9484589231625805e-08	4	True
C36H68NO11P	760.41670551236	0.0	0	False
C44H89NO5	750.63778147023	0.0	0	False
C44H82NO10P	854.5313413439401	2.2164103912804904e-07	22	True
C37H74NO7P	714.48399722518	0.0	0	False
C44H88NO12P	892.56812077796	1.7568051731897214e-07	20	True
C39H76NO10P	788.48439115032	1.1991078943145602e-06	200	True
C44H84NO9P	840.55207678828	1.844947228365733e-07	16	True
C35H64NO10P	728.39049076308	1.0373926706074125e-07	12	True
C49H97NO3	786.71055248799	0.0	0	False
C49H99NO5	820.71603179293	0.0	0	False
C37H72O11P2	793.41869363584	7.219427915203243e-08	7	True
C47H93O9P	871.61942807451	-1.3193919235731688e-18	0	False
C45H86NO9P	854.56772685282	3.6710890752641576e-06	279	True
C44H73O9P	815.46292742911	1.686258987968801e-06	115	True
C47H86NO8P	862.57281223262	9.063198123569734e-09	1	True
C40H77NO8	738.52862494359	6.427375936391257e-08	8	True
C40H69O13P	827.41128578083	2.9431495276774556e-08	3	True
C45H69O8P	807.43671267983	3.8611039154926995e-07	34	True
C49H97N2O6P	879.67213235139	7.692222290907412e-19	2	False
C42H82NO8P	798.5415121035401	0.041734698609416566	34985	True
C45H75O8P	813.4836628734499	0.0004226355584695457	16298	True
C40H73O13P	831.44258590991	1.3392456053677173e-08	1	True
C35H61O15P	791.33851476307	1.536002000702252e-08	2	True
C43H82NO8P	810.5415121035401	3.965115901275744e-05	2359	True
C37H73O10P	747.45784204931	0.0	0	False
C40H73O8P	751.46801280891	1.8052805329850568e-08	2	True
C44H87NO2	700.63738754509	0.0	0	False
C47H87O8P	849.57756326069	2.6899876737903707e-08	2	True
C41H80NO9P	800.5207766592	7.74314085474872e-19	2	False
C50H96NO7P	892.65614793512	4.030122602849992e-08	3	True
C38H76NO9P	760.48947653012	0.0	0	False
C44H71O10P	829.44219198477	1.1671977862900804e-06	108	True
C45H76NO10P	860.48439115032	-5.470765217393667e-19	0	False
C40H65O8P	743.40541255075	2.585183785655434e-06	170	True
C45H75O10P	845.47349211385	9.031205948094233e-05	2064	True
C45H81O7P	803.53569844687	-7.473103651966717e-10	2	False
C31H52NO13P	716.28133423644	6.847626360236023e-08	10	True
C35H62NO10P	726.3748406985401	1.0811442102233355e-07	11	True
C39H79N2O7P	757.52619639073	2.797786113918472e-08	2	True
C50H94NO7P	890.64049787058	0.0	0	False
C39H73O7P	723.47309818871	3.937999899766482e-06	455	True
C36H67O13P	777.39563571629	0.0	0	False
C42H69O10P	803.42654192023	1.8147163091126383e-07	17	True
C37H71O10P	745.44219198477	6.046678767305794e-13	1	False
C39H61O8P	727.37411242167	6.015559225483481e-08	5	True
C42H79NO13	844.51884810913	4.2851423595445173e-08	5	True
C45H85O8P	823.56191319615	1.5237415141001197e-06	143	True
C47H85O10P	879.5517424365501	0.0	0	False
C42H75O10P	809.47349211385	1.3779214674994748e-06	132	True
C42H85N2O6P	783.5782319641501	1.9598681805754688e-05	399	True
C45H80NO8P	832.525862039	0.00019922060724056673	11909	True
C47H79O10P	873.5047922429301	3.375054713271313e-07	22	True
C42H75O8P	777.4836628734499	4.07282837285459e-07	47	True
C43H71O13P	865.42693584537	0.0	0	False
C40H77O10P	787.48914217839	4.788486767926834e-05	7033	True
C44H85O13P	891.5364862971501	0.0	0	False
C33H62NO11P	718.36975531874	1.0943504007266686e-07	11	True
C46H76NO10P	872.48439115032	1.4723908122180796e-06	131	True
C44H75O13P	881.45823597445	1.647247297946882e-08	2	True
C46H91O8P	841.60886338977	0.0	0	False
C32H56NO13P	732.31263436552	7.72193467485058e-08	8	True
C50H97NO3	798.71055248799	0.0	0	False
C48H89O10P	895.58304256563	-5.224437416700488e-19	1	False
C48H86NO9P	890.56772685282	5.739006998476836e-09	1	True
C42H82NO10P	830.5313413439401	9.702548252984437e-05	5676	True
C48H78NO8P	866.5102119744599	0.0	0	False
C33H59O17P	797.31269393893	-1.5029998811688823e-18	0	False
C43H81O8P	795.53061306707	2.7314457332889352e-05	2165	True
C34H68NO9P	704.42687627196	2.165893745930442e-19	3	False
C38H65O8P	719.40541255075	1.7570756871088157e-08	2	True
C42H70NO8P	786.4476117163	1.6624626914579667e-07	32	True
C31H55O13P	705.30173532905	2.772816126527235e-07	32	True
C38H76NO7P	728.49964728972	1.3981013695857399e-08	3	True
C44H81O12P	871.5102715478699	2.985936497105561e-05	2297	True
C39H68NO8P	748.43196165176	2.1151710636756904e-07	29	True
C50H90NO7P	886.6091977415	0.0	0	False
C44H90NO7P	814.6091977415	2.085912874471795e-11	5	False
C50H95NO8	876.66947552445	5.42290001660175e-07	43	True
C39H81N2O6P	743.5469318350699	1.0377498137317456e-06	66	True
C42H83O7P	769.55134851141	2.4173582296826806e-07	16	True
C36H68NO9P	728.42687627196	5.831035218335586e-08	7	True
C45H85NO9	822.5861398219499	6.031873456687376e-08	6	True
C40H80NO12P	836.5055205198	3.474338583208123e-08	3	True
C46H87NO8	820.60687526629	0.0002247885739618436	7087	True
C46H90NO7P	838.6091977415	2.221196070161688e-07	31	True
C34H63O15P	781.35416482761	2.6635188089740262e-08	2	True
C39H74NO10P	786.46874108578	8.483025333115794e-08	10	True
C50H97NO4	814.70546710819	0.0	0	False
C48H83O10P	889.53609237201	0.0	0	False
C38H65O10P	751.39524179115	1.2816878559915164e-07	14	True
C34H60NO13P	760.3439344946	5.215643827071228e-08	5	True
C41H75NO9	764.50788949925	9.017816501256873e-08	9	True
C44H85NO8	794.5912252017499	9.520253269913982e-06	636	True
C42H83O9P	801.54117775181	0.00039013986834765107	14755	True
C45H87O10P	857.56739250109	0.0	0	False
C35H68NO8P	700.43196165176	1.577700577475536e-06	169	True
C38H77N2O6P	727.51563170599	1.5397696416884732e-06	114	True
C42H74NO8P	790.47891184538	1.751762007716933e-07	35	True
C48H98NO7P	870.6717979996599	9.720203595861844e-09	1	True
C36H62NO12P	770.36466993894	3.570709812084075e-08	5	True
C49H74NO8P	874.47891184538	1.0398582194487072e-05	898	True
C32H57O13P	719.31738539359	5.855711981235774e-08	6	True
C40H79NO8	740.54427500813	0.0	0	False
C41H74NO10P	810.46874108578	3.1732029021270165e-07	33	True
C33H63O13P	737.36433558721	5.983335820370639e-08	9	True
C42H79O8P	781.5149630025301	3.9754075431173415e-07	43	True
C46H91NO5	776.65343153477	0.0	0	False
C39H72NO9P	768.45817640104	4.742030444697667e-08	6	True
C40H77N2O7P	767.51054632619	8.806460488520103e-08	11	True
C46H91N2O6P	837.62518215777	1.198775228695658e-06	102	True
C46H86NO8P	850.57281223262	2.9102366277820343e-06	203	True
C40H71O13P	829.42693584537	1.772119676021502e-08	2	True
C45H71O8P	809.45236274437	9.927228005335382e-05	5054	True
C46H87O9P	853.57247788089	-4.5037049742730695e-13	0	False
C43H84NO9P	828.55207678828	0.00048701675372065257	16546	True
C44H81NO8	790.55992507267	6.242225233412826e-06	379	True
C45H79O7P	801.5200483823301	0.0	0	False
C42H73O9P	791.46292742911	4.783558789465716e-08	8	True
C40H75O7P	737.4887482532499	2.715158472054128e-07	30	True
C32H60NO11P	704.3541052542	5.361073494749376e-08	7	True
C54H107NO5	888.77863205109	0.0	0	False
C36H65O15P	807.3698148921501	4.320225975309309e-08	4	True
C47H91NO3	756.66360229437	0.0	0	False
C40H76NO8P	768.49456190992	6.249176447679232e-05	6321	True
C43H85NO10	814.5810544421499	5.707751328398072e-17	1	False
C41H80NO10P	816.5156912794	4.843756694153096e-07	94	True
C44H84NO6P	792.56733292768	0.0001329640517242862	5637	True
C32H56NO12P	716.31771974532	9.131091714580668e-08	9	True
C44H83O13P	889.52083623261	0.0	0	False
C44H87O10P	845.56739250109	2.075049412578482e-10	2	False
C46H75O9P	841.4785774936499	0.0	0	False
C48H73O10P	879.45784204931	6.846096612064265e-07	61	True
C36H63O13P	773.36433558721	8.609454984550062e-09	1	True
C37H70NO10P	758.4374409567	8.359262351277115e-08	11	True
C46H85NO9	834.5861398219499	4.10561002246933e-07	38	True
C42H80NO9P	812.5207766592	5.292849773663035e-05	3031	True
C43H74NO10P	834.46874108578	6.933552464674441e-08	6	True
C42H76NO9P	808.48947653012	3.3345624234532654e-07	29	True
C43H68NO8P	796.43196165176	0.0	0	False
C36H64NO10P	740.39049076308	1.2757658816934724e-06	97	True
C36H62NO10P	738.3748406985401	8.146253614686955e-08	6	True
C34H67O10P	705.41089185569	9.092396936053232e-09	3	True
C50H100NO7P	896.6874480642	6.338092033927193e-19	1	False
C34H63O14P	765.35925020741	5.040420993527341e-08	5	True
C41H77O12P	831.47897141879	1.5983714240213013e-06	258	True
C40H78NO8P	770.5102119744599	0.0022088646909136866	26261	True
C47H82NO8P	858.5415121035401	2.138561400600529e-06	172	True
C46H88NO7P	836.59354767696	7.271822020287478e-11	2	False
C44H78NO8P	818.5102119744599	1.289212164086062e-05	952	True
C46H88NO9P	868.58337691736	3.194610201541215e-08	3	True
C39H69O16P	863.39602964143	8.712168003604264e-07	79	True
C38H79N2O6P	729.53128177053	0.0	0	False
C42H72NO10P	820.45309102124	2.587032970370724e-07	27	True
C33H57O15P	763.30721463399	0.0	0	False
C47H82NO10P	890.5313413439401	-2.010640270092896e-19	1	False
C42H79O10P	813.5047922429301	2.788563445300618e-06	516	True
C49H90NO8P	890.6041123617	0.0	0	False
C42H67O10P	801.41089185569	1.3999185774184613e-07	13	True
C43H79O8P	793.5149630025301	2.827362471327561e-06	241	True
C30H55O15P	725.29156456945	1.6577425796891423e-07	23	True
C41H70NO10P	806.4374409567	6.521220570016087e-08	6	True
C50H80NO8P	892.525862039	1.8938936310060894e-06	120	True
C38H77N2O7P	743.51054632619	0.0	0	False
C48H95NO4	788.68981704365	0.0	0	False
C43H77O14P	887.46880065919	2.7987662920642285e-08	2	True
C44H85NO4	730.61156672095	4.342778239261098e-07	53	True
C45H90NO9P	858.5990269819	1.4076847455237967e-08	2	True
C46H76NO8P	840.49456190992	0.0	0	False
C48H89O9P	879.58812794543	-2.5313031335530598e-12	0	False
C45H81O10P	851.52044230747	3.1348272606746134e-11	16	False
C32H54NO12P	714.30206968078	4.954211768679005e-08	5	True
C45H83O7P	805.55134851141	6.003221026697039e-05	2608	True
C44H89NO2	702.65303760963	0.0	0	False
C43H85NO5	734.60648134115	0.0	0	False
C48H95N2O6P	865.65648228685	0.0	0	False
C42H86NO7P	786.57789761242	8.783700150079795e-07	93	True
C39H69O15P	847.40111502123	8.735928714705608e-07	78	True
C42H71O10P	805.44219198477	9.373114753789733e-08	11	True
C40H77O12P	819.47897141879	1.305208380915425e-07	18	True
C40H76NO7P	752.49964728972	2.4543454863281887e-08	6	True
C46H83O9P	849.54117775181	3.649278549929611e-06	333	True
C38H70NO11P	786.4323555769	0.0	0	False
C34H63O10P	701.37959172661	2.816193440589418e-09	1	True
C43H81NO10	810.54975431307	9.298171689606057e-09	1	True
C40H80NO6P	740.5360327986	5.060157935537179e-08	7	True
C44H77O8P	803.49931293799	7.264376299624535e-08	8	True
C33H61O11P	703.3588562822699	5.115719648025734e-08	6	True
C40H73O9P	767.46292742911	9.927849081351299e-09	1	True
C44H85NO3	714.61665210075	0.0	0	False
C48H83O9P	873.54117775181	1.1152794436121323e-08	1	True
C46H91NO3	744.66360229437	-1.0791258004205093e-18	0	False
C45H89O9P	843.58812794543	0.0	0	False
C38H73N2O7P	739.47924619711	3.101163200712774e-08	6	True
C50H101NO4	818.73676723727	0.0	0	False
C46H81O9P	847.52552768727	1.0415166616520905e-05	886	True
C50H101NO3	802.74185261707	0.0	0	False
C42H73O8P	775.46801280891	1.0282686887028893e-07	11	True
C42H85O7P	771.56699857595	4.352203510765747e-06	668	True
C32H55O12P	701.30682070885	7.23929577810554e-08	9	True
C43H81O7P	779.53569844687	1.0814221265391575e-08	1	True
C48H84NO7P	856.5622475478799	1.197402881129637e-18	2	False
C37H65O10P	739.39524179115	8.227714960412575e-09	1	True
C52H101NO4	842.73676723727	0.0	0	False
C39H77N2O7P	755.51054632619	0.0	0	False
C37H75N2O7P	729.49489626165	1.0942274485579966e-06	47	True
C46H93O9P	859.61942807451	0.0	0	False
C48H88NO8P	876.58846229716	4.0033773164903704e-05	2278	True
C41H71O8P	761.45236274437	0.0016853713821519034	24960	True
C41H81O9P	787.52552768727	9.38341334535173e-07	98	True
C48H87O9P	877.57247788089	2.972194912412228e-11	2	False
C38H75N2O7P	741.49489626165	1.0992985823815078e-07	15	True
C43H85O12P	863.5415716769501	0.0	0	False
C45H74NO7P	810.48399722518	8.228817063890972e-07	65	True
C39H72NO10P	784.45309102124	8.440801019398659e-08	9	True
C43H78NO8P	806.5102119744599	0.004477390922772875	26607	True
C40H79O7P	741.5200483823301	2.1713738727244735e-08	2	True
C43H70NO8P	798.4476117163	0.0	0	False
C45H89O8P	827.59321332523	0.0	0	False
C39H75O12P	805.46332135425	2.51936947203872e-08	2	True
C45H86NO10P	870.56264147302	2.1942633964896783e-08	3	True
C34H62NO12P	746.36466993894	1.444300155079541e-08	2	True
C34H62NO11P	730.36975531874	7.164031151600551e-09	1	True
C42H80NO10P	828.5156912794	0.00011455678889661827	4879	True
C38H63O8P	717.38976248621	8.340831532815943e-08	8	True
C38H73O12P	791.44767128971	0.0	0	False
C36H65O14P	791.37490027195	3.5375230314738787e-08	3	True
C47H88NO8P	864.58846229716	0.0	0	False
C49H95NO10	896.65930476485	5.4292980193107295e-08	2	True
C48H75O10P	881.47349211385	6.652838739247858e-08	7	True
C46H93NO3	746.6792523589099	0.0	0	False
C46H93NO4	762.6741669791099	8.255362905605942e-19	1	False
C47H76NO8P	852.49456190992	0.0009065884637602881	18594	True
C43H72NO7P	784.46834716064	1.2206190903917124e-07	10	True
C47H89NO8	834.6225253308301	3.490972019577263e-05	1870	True
C45H73O10P	843.45784204931	0.00024184238370391525	12775	True
C35H69O9P	703.43162730003	0.0	0	False
C42H81O13P	863.5051861680699	8.772471086297122e-09	1	True
C45H77O8P	815.49931293799	1.4089701397612795e-06	166	True
C40H68NO10P	792.4217908921601	4.206781064956106e-08	6	True
C44H88NO11P	876.57320615776	-9.620463786571769e-11	5	False
C37H73O12P	779.44767128971	1.4432195462074688e-07	15	True
C43H82NO10P	842.5313413439401	1.465398155927207e-07	13	True
C40H70NO10P	794.4374409567	2.756252626771968e-07	30	True
C35H66NO9P	714.41122620742	2.9455403291034796e-06	286	True
C44H87NO5	748.62213140569	0.0	0	False
C43H72NO6P	768.47343254044	8.762033413785112e-09	3	True
C36H69N2O7P	711.44794606803	8.41409641234854e-07	118	True
C42H84NO12P	864.5368206488799	1.3915818358810067e-12	1	False
C34H65O17P	815.3596441325501	8.373711720798472e-08	9	True
C42H85N2O7P	799.5731465843501	1.3918388843155756e-15	1	False
C45H76NO8P	828.49456190992	0.0013061538990014744	24241	True
C48H90NO7P	862.6091977415	-1.0265963813933648e-17	1	False
C44H84NO10P	856.54699140848	3.350901481596431e-06	238	True
C43H75O12P	853.46332135425	1.8827907188670172e-06	154	True
C45H90NO8P	842.6041123617	0.0	0	False
C49H88NO8P	888.58846229716	0.0	0	False
C39H75O10P	773.47349211385	5.227653324006172e-09	3	True
C46H75O10P	857.47349211385	3.8375559053214356e-08	4	True
C47H94NO9P	886.63032711098	0.0	0	False
C41H69O10P	791.42654192023	7.113142771714312e-08	7	True
C44H87O8P	813.57756326069	-1.4269378320995176e-16	0	False
C40H74NO10P	798.46874108578	1.457464030113673e-07	16	True
C41H75NO8	748.51297487905	5.51205478694976e-08	6	True
C53H105NO4	858.76806736635	6.842747193950279e-11	2	False
C41H65O8P	755.40541255075	1.317516085161906e-08	2	True
C43H79NO9	792.53918962833	3.2232474015730194e-07	25	True
C43H73O7P	771.47309818871	-5.430879394501701e-13	1	False
C56H109NO4	898.79936749543	0.0	0	False
C44H91N2O6P	813.62518215777	0.0	0	False
C36H73O9P	719.46292742911	1.5062044492214834e-07	11	True
C46H80NO6P	812.5360327986	7.669905728858569e-08	7	True
C38H74NO7P	726.48399722518	0.0	0	False
C44H80NO11P	868.5106058996	0.0	0	False
C43H83N2O6P	793.56258189961	5.306100531623663e-05	1240	True
C29H53O15P	711.27591450491	1.6480531524147539e-07	19	True
C45H90NO7P	826.6091977415	4.165739152019415e-10	11	False
C46H74NO8P	838.47891184538	1.1978240566563938e-07	13	True
C48H95NO10	884.65930476485	0.0	0	False
C35H67O13P	765.39563571629	7.563871102184487e-09	1	True
C45H77O13P	895.47388603899	7.053418191897426e-07	65	True
C44H83O8P	809.54626313161	4.761254784321989e-08	5	True
C40H70NO9P	778.4425263365	2.6306468479766155e-06	282	True
C36H72NO9P	732.45817640104	0.0	0	False
C38H73O7P	711.47309818871	6.0283381646765e-08	8	True
C35H69O10P	719.42654192023	-3.115077346385046e-11	0	False
C38H75O7P	713.4887482532499	1.730087562213578e-07	20	True
C39H75O7P	725.4887482532499	3.2969446685157897e-06	344	True
C38H64NO10P	764.39049076308	7.431186859261859e-08	7	True
C40H80NO7P	756.5309474188	2.8964215535564846e-07	31	True
C37H75N2O6P	713.49998164145	2.635187391789006e-08	3	True
C43H75O13P	869.45823597445	1.9680020106033796e-06	180	True
C43H83NO8	780.57557513721	1.0543623613577866e-08	1	True
C41H84NO7P	772.5622475478799	1.1024177028596034e-06	69	True
C45H82NO7P	818.5465974833401	3.152113448361047e-05	2157	True
C34H60NO11P	728.3541052542	1.1685249914609004e-08	2	True
C44H89N2O6P	811.60953209323	1.618917409966914e-07	7	True
C43H70NO7P	782.4526970961	9.291345299213113e-09	1	True
C48H72NO10P	892.45309102124	0.0	0	False
C33H57NO14	730.3416120193899	7.747110861913884e-08	7	True
C44H76NO8P	816.49456190992	5.230452724986964e-07	51	True
C35H70NO8P	702.4476117163	0.0	0	False
C34H60NO10P	712.359190634	1.027558773688916e-05	587	True
C47H88NO10P	896.5782915375601	8.140902529611474e-19	5	False
C36H63O10P	725.37959172661	5.5460459154598295e-08	7	True
C46H86NO9P	866.56772685282	0.0	0	False
C49H98NO8P	898.6667126198599	0.0	0	False
C52H103NO5	860.74733192201	0.0	0	False
C43H72NO10P	832.45309102124	1.5262371303470296e-07	15	True
C50H99NO3	800.72620255253	0.0	0	False
C47H93N2O6P	851.64083222231	0.0003095100114083388	9301	True
C47H92NO9P	884.61467704644	2.1746611589963417e-20	1	False
C49H101N2O6P	883.7034324804699	2.1129060737576468e-10	2	False
C42H71O8P	773.45236274437	5.642937259079704e-09	1	True
C48H97N2O6P	867.67213235139	2.5624704621653945e-08	2	True
C34H63O12P	733.36942096701	0.0	0	False
C48H84NO8P	872.55716216808	0.0017329941189045271	24543	True
C46H89NO4	758.64286685003	1.27373580297678e-08	1	True
C47H86NO10P	894.56264147302	0.0	0	False
C48H95NO5	804.68473166385	0.0	0	False
C47H77O8P	839.49931293799	9.050122109862621e-09	1	True
C42H73O10P	807.45784204931	8.177959186534964e-07	78	True
C50H99NO4	816.72111717273	1.0106748037098717e-10	1	False
C45H83O8P	821.54626313161	5.562189337750065e-07	66	True
C42H80NO7P	780.5309474188	1.4139451591359333e-08	1	True
C40H72NO10P	796.45309102124	1.5623528229805492e-07	19	True
C48H78NO10P	898.50004121486	2.0123426023482156e-06	204	True
C43H76NO9P	820.48947653012	4.294198932409798e-06	356	True
C37H67O16P	837.38037957689	2.9285608622500715e-08	3	True
C44H80NO9P	836.5207766592	5.996534860311559e-06	347	True
C44H80NO10P	852.5156912794	1.0025875183172399e-07	8	True
C47H88NO7P	848.59354767696	0.0	0	False
C45H83O12P	885.52592161241	0.0	0	False
C50H101NO5	834.73168185747	1.7163262506779436e-08	2	True
C43H78NO10P	838.50004121486	2.4556925930594222e-08	3	True
C41H75O13P	845.45823597445	2.214015396624302e-06	242	True
C38H76NO8P	744.49456190992	0.00025706841040824433	11042	True
C37H71O13P	793.42693584537	8.888745488772961e-09	1	True
C37H74NO8P	730.47891184538	7.922759550253176e-08	10	True
C39H77N2O6P	739.51563170599	3.4696824029712943e-06	189	True
C36H66NO8P	710.41631158722	3.756952026094466e-08	5	True
C37H77N2O6P	715.51563170599	0.0	0	False
C40H81N2O7P	771.5418464552699	-2.3287081053725607e-11	0	False
C41H70NO8P	774.4476117163	0.0	0	False
C43H81O10P	827.52044230747	1.1220404697852636e-08	2	True
C41H79N2O6P	765.53128177053	5.1321978147146686e-05	2309	True
C44H88NO7P	812.59354767696	5.844613109632492e-07	107	True
C47H89O8P	851.59321332523	4.1416465940844274e-07	42	True
C37H67O13P	789.39563571629	0.0	0	False
C49H86NO8P	886.57281223262	5.3308519517747945e-19	1	False
C47H93NO4	774.6741669791099	0.0	0	False
C44H85O10P	843.5517424365501	1.2066655919960676e-08	1	True
C48H82NO6P	838.5516828631401	3.8524962624479325e-08	3	True
C39H76NO8P	756.49456190992	0.0005422947394921116	18286	True
C39H67O13P	813.39563571629	1.532585349720197e-08	1	True
C32H54NO13P	730.2969843009801	1.005717809525759e-07	11	True
C45H91N2O6P	825.62518215777	6.845805611175305e-05	713	True
C36H71O10P	733.44219198477	0.0	0	False
C44H89O9P	831.58812794543	3.824708313753369e-08	5	True
C45H77O10P	847.48914217839	2.2793067737626175e-06	229	True
C47H95NO4	776.68981704365	0.0	0	False
C47H95NO5	792.68473166385	0.0	0	False
C46H94NO7P	842.64049787058	1.016777705884237e-06	79	True
C39H74NO9P	770.47382646558	2.0711003303383745e-07	26	True
C44H78NO7P	802.5152973542599	3.3716413540269183e-12	1	False
C45H70NO8P	822.4476117163	1.314695907805562e-07	14	True
C45H83NO9	820.57048975741	4.672670779002909e-08	4	True
C47H80NO10P	888.5156912794	0.0	0	False
C49H99NO3	788.72620255253	-4.8552011653072073e-20	2	False
C46H92NO9P	872.61467704644	0.0	0	False
C36H70NO10P	746.4374409567	7.715687966722859e-09	1	True
C43H77O13P	871.47388603899	2.2867600383588057e-08	5	True
C46H80NO7P	828.5309474188	0.0	0	False
C40H79O8P	757.5149630025301	0.0	0	False
C44H87NO3	716.63230216529	0.0	0	False
C44H74NO8P	814.47891184538	2.8364261628780716e-08	6	True
C36H67O10P	729.41089185569	7.122640894777285e-09	1	True
C48H94NO7P	866.64049787058	2.9505490100892132e-08	12	True
C42H82NO9P	814.5364267237401	0.0007075050532206853	18815	True
C41H83N2O6P	769.56258189961	0.00695950072135779	31584	True
C38H69O10P	755.42654192023	0.0	0	False
C37H63O8P	705.38976248621	1.1585712593568228e-07	22	True
C36H62NO13P	786.35958455914	4.075165312683321e-08	3	True
C44H77O9P	819.49422755819	2.533145588162285e-08	6	True
C36H66NO10P	742.40614082762	7.601713795291333e-09	1	True
C46H89O8P	839.59321332523	2.1463012147188502e-06	76	True
C45H87NO4	744.62721678549	0.0	0	False
C44H89NO3	718.64795222983	0.0	0	False
C38H73O9P	743.46292742911	1.0808593849249036e-08	1	True
C31H55O15P	737.29156456945	7.465326688924478e-08	8	True
C38H66NO10P	766.40614082762	3.525649688073851e-08	5	True
C38H72NO9P	756.45817640104	1.1046423246329642e-06	153	True
C51H101NO4	830.73676723727	0.0	0	False
C38H74NO8P	742.47891184538	4.529163459570752e-05	4986	True
C43H74NO7P	786.48399722518	0.00041307982185988923	14191	True
C37H70NO8P	726.4476117163	6.209538131946038e-06	590	True
C44H83NO9	808.57048975741	2.278203792660189e-06	190	True
C43H85O7P	783.56699857595	0.0015652791477794759	26988	True
C42H77O9P	795.49422755819	5.966735677775779e-07	62	True
C45H91O7P	813.61394876957	-1.1370417242370967e-11	1	False
C39H80NO7P	744.5309474188	0.0	0	False
C45H85O12P	887.5415716769501	4.2479922417275905e-12	1	False
C47H91N2O6P	849.62518215777	5.13389921761923e-06	160	True
C41H71O13P	841.42693584537	3.0291360338688833e-07	35	True
C48H90NO8P	878.6041123617	0.0	0	False
C41H77O7P	751.50439831779	6.424022902050818e-08	5	True
C45H88NO10P	872.5782915375601	7.820242378066738e-09	4	True
C48H92NO8P	880.61976242624	4.214505064258439e-07	31	True
C36H70NO8P	714.4476117163	1.481891209892032e-05	1894	True
C46H90NO9P	870.5990269819	0.0	0	False
C38H77O7P	715.50439831779	0.0	0	False
C40H79NO9	756.53918962833	5.689378319165435e-07	48	True
C35H59O16P	805.31777931873	0.0	0	False
C46H88NO10P	884.5782915375601	0.0	0	False
C42H84NO13P	880.53173526908	0.0	0	False
C36H71O8P	701.45236274437	7.261107381659746e-06	380	True
C42H70NO10P	818.4374409567	1.6109437378544667e-07	14	True
C40H78NO9P	786.5051265946599	5.6760335737049075e-05	2898	True
C37H64NO10P	752.39049076308	4.2076251795356533e-07	45	True
C41H79O12P	833.49462148333	2.0192072591280062e-07	22	True
C38H73N2O6P	723.48433157691	1.9776059230854113e-06	206	True
C37H69O8P	711.43671267983	0.0004882550420349113	17834	True
C43H70NO10P	830.4374409567	5.403066160398974e-07	49	True
C32H57O15P	751.30721463399	2.3650199916622862e-08	3	True
C41H81O7P	755.53569844687	5.900817757056916e-07	43	True
C44H77O13P	883.47388603899	9.354574461866782e-08	10	True
C34H57O15P	775.30721463399	4.61318227020971e-08	5	True
C48H100NO6P	856.692533444	0.0	0	False
C46H84NO9P	864.55207678828	0.0	0	False
C42H72NO9P	804.45817640104	1.012027085550983e-06	105	True
C46H83O10P	865.53609237201	0.0	0	False
C44H72NO10P	844.45309102124	4.897340262085423e-06	373	True
C43H81O9P	811.52552768727	-2.412020782331704e-12	3	False
C39H71O7P	721.45744812417	1.7790608849723995e-08	2	True
C33H60NO10P	700.359190634	6.556115163797655e-07	41	True
C40H71O8P	749.45236274437	1.2177006679516271e-06	98	True
C52H105NO5	862.76298198655	-6.9619569309618e-19	0	False
C41H83O7P	757.55134851141	0.0011522103257191596	22956	True
C40H77O9P	771.49422755819	3.2997198262825246e-07	52	True
C33H60NO12P	732.3490198744	4.655221120692442e-08	5	True
C43H77O8P	791.49931293799	8.475246035190936e-07	109	True
C40H77NO10	770.51845418399	8.603140304847709e-08	28	True
C33H59O16P	781.31777931873	3.2275438315254966e-08	3	True
C33H60NO11P	716.3541052542	2.347390738658663e-06	131	True
C43H73O10P	819.45784204931	1.76186937586541e-06	173	True
C45H85O10P	855.5517424365501	1.3632835279519899e-11	1	False
C40H75NO8	736.51297487905	2.179140612509887e-08	2	True
C46H95O9P	861.6350781390499	0.0	0	False
C39H74NO8P	754.47891184538	1.5384218380948718e-05	1248	True
C46H91NO4	760.65851691457	0.0	0	False
C46H78NO8P	842.5102119744599	3.6341994810448525e-06	330	True
C39H71O10P	769.44219198477	0.0	0	False
C46H86NO10P	882.56264147302	0.0	0	False
C35H62NO11P	742.36975531874	6.84511246871409e-08	8	True
C32H55O15P	749.29156456945	2.6136208663585946e-08	3	True
C46H83O8P	833.54626313161	-1.0153218107716616e-12	0	False
C47H89O10P	883.58304256563	0.0	0	False
C34H61O13P	747.3486855226699	0.0	0	False
C44H85O8P	811.56191319615	7.82982539792691e-09	2	True
C43H87NO3	704.63230216529	0.0	0	False
C45H76NO6P	796.5047326695201	1.7292869111497907e-08	2	True
C43H79O10P	825.5047922429301	1.387188213662309e-05	813	True
C40H77O8P	755.49931293799	2.534671889364458e-06	269	True
C44H82NO11P	870.52625596414	1.189868849204896e-08	2	True
C41H78NO8P	782.5102119744599	0.0006105823158628819	17949	True
C30H55O14P	709.29664994925	1.5258463609240461e-07	18	True
C53H105NO5	874.76298198655	0.0	0	False
C34H59O15P	777.32286469853	6.1740688266220586e-09	1	True
C38H67O10P	753.41089185569	3.7704224021975053e-06	288	True
C40H75O8P	753.4836628734499	2.687324367357087e-05	2371	True
C35H68NO9P	716.42687627196	0.00039477684832537414	14770	True
C47H87NO9	848.60178988649	0.0	0	False
C43H75O8P	789.4836628734499	0.0014504216709740525	24622	True
C46H76NO7P	824.49964728972	1.4635667671176821e-05	695	True
C41H69O13P	839.41128578083	0.0	0	False
C44H86NO6P	794.58298299222	5.6851374350158585e-06	327	True
C41H78NO7P	766.5152973542599	0.0001891088569503805	6440	True
C37H73O8P	715.46801280891	3.230533428674909e-07	46	True
C32H61O17P	787.32834400347	5.771975689639664e-08	4	True
C48H88NO9P	892.58337691736	4.019786904997601e-07	40	True
C33H63O17P	801.34399406801	4.004425147482402e-08	4	True
C46H82NO10P	878.5313413439401	4.250942407078763e-06	324	True
C48H81O10P	887.52044230747	0.0	0	False
C33H57NO13	714.34669739919	4.903776490175964e-08	6	True
C38H72NO7P	724.46834716064	6.555843187360735e-05	3528	True
C41H82NO7P	770.5465974833401	8.281985782159759e-07	135	True
C34H63O17P	813.34399406801	3.071132583117477e-08	3	True
C37H75O9P	733.4785774936499	1.1810979762443615e-08	1	True
C44H78NO9P	834.5051265946599	6.199678737820817e-08	7	True
C39H70NO8P	750.4476117163	6.653036809285378e-09	1	True
C47H90NO10P	898.5939416021	6.557111269261743e-09	8	True
C42H81NO4	702.58026659187	2.4806284050868582e-08	3	True
C45H81O8P	819.53061306707	1.0283533394116947e-07	18	True
C32H57O14P	735.31230001379	1.1136386698480873e-07	11	True
C38H75O10P	761.47349211385	1.513294232544799e-07	19	True
C46H95O8P	845.6401635188499	8.640591570518204e-09	1	True
C37H73N2O6P	711.48433157691	1.8948949077385112e-06	196	True
C43H87NO4	720.62721678549	0.0	0	False
C43H82NO7P	794.5465974833401	2.7363873200699788e-05	1599	True
C41H66NO8P	770.41631158722	1.5367788273507628e-08	2	True
C36H65O10P	727.39524179115	7.651854461397393e-08	7	True
C45H94NO7P	830.64049787058	0.0	0	False
C38H66NO8P	734.41631158722	8.706884282690635e-08	13	True
C38H71NO9	724.47658937017	4.65372381565163e-06	462	True
C41H79O8P	769.5149630025301	3.3332333336696158e-06	405	True
C35H66NO10P	730.40614082762	6.623765371360539e-08	9	True
C43H82NO9P	826.5364267237401	6.624424285685022e-08	6	True
C44H85O12P	875.5415716769501	5.447749979311878e-08	5	True
C43H77O10P	823.48914217839	7.575188308195173e-06	325	True
C45H93N2O6P	827.64083222231	0.0	0	False
C39H77O12P	807.47897141879	4.963560225374616e-08	6	True
C40H79O9P	773.5098776227301	1.0228375948698566e-05	593	True
C44H83O12P	873.52592161241	7.571112958082032e-05	4243	True
C49H92NO8P	892.61976242624	0.0	0	False
C42H79NO8	764.54427500813	1.4360962579361152e-06	118	True
C44H88NO9P	844.58337691736	0.0	0	False
C36H73N2O7P	715.47924619711	0.0	0	False
C47H81O8P	843.53061306707	5.3041263373675076e-08	5	True
C49H82NO8P	882.5415121035401	0.0	0	False
C40H79O12P	821.49462148333	4.761740702088328e-06	608	True
C43H80NO7P	792.5309474188	1.086424816043407e-05	936	True
C48H77O10P	883.48914217839	6.9482774893540105e-09	1	True
C46H82NO7P	830.5465974833401	3.069527225109939e-08	1	True
C42H81NO8	766.55992507267	0.0004940632449100669	12571	True
C40H75O13P	833.45823597445	2.3826061557439302e-08	3	True
C32H55O16P	765.28647918965	9.902777633021754e-09	1	True
C43H76NO8P	804.49456190992	0.0006494122569243715	21630	True
C36H66NO11P	758.40105544782	0.0	0	False
C45H87NO3	728.63230216529	0.0	0	False
C41H80NO7P	768.5309474188	0.00017020461339298235	6353	True
C39H70NO7P	734.4526970961	1.0523486215956675e-08	3	True
C49H99NO4	804.72111717273	0.0	0	False
C41H76NO8P	780.49456190992	1.210187900252991e-05	1016	True
C48H82NO8P	870.5415121035401	0.0005288521287755499	16410	True
C44H87NO8	796.60687526629	0.0	0	False
C44H72NO8P	812.46326178084	-1.9253864204759868e-11	0	False
C40H68NO8P	760.43196165176	8.788851510740058e-09	1	True
C35H64NO11P	744.3854053832799	6.6698505496667e-07	28	True
C37H68NO8P	724.43196165176	2.679657560949219e-07	37	True
C45H82NO10P	866.5313413439401	0.0	0	False
C42H81O8P	783.53061306707	1.7951925655405107e-08	2	True
C44H83O9P	825.54117775181	0.0	0	False
C48H91NO9	864.63309001557	0.003207095190437676	17785	True
C44H73O8P	799.46801280891	3.263967122704915e-07	35	True
C48H85O9P	875.55682781635	2.0157049842361235e-08	2	True
C46H93N2O6P	839.64083222231	1.037519041308595e-06	85	True
C48H93NO10	882.64365470031	0.0	0	False
C37H71O8P	713.45236274437	0.009008835614553018	34513	True
C42H81NO10	798.54975431307	3.674119481053021e-08	7	True
C46H87O8P	837.57756326069	0.0	0	False
C45H89O10P	859.58304256563	-3.043669803081733e-16	0	False
C39H73O10P	771.45784204931	1.1977431159531555e-08	2	True
C43H81O12P	859.5102715478699	9.045774747626378e-08	7	True
C25H49O19P3	785.1717968538301	2.220362864851571e-05	1534	True
C44H80NO8P	820.525862039	0.005585396987949021	26999	True
C42H83NO4	704.5959166564099	0.0	0	False
C46H88NO8P	852.58846229716	8.443073468143574e-05	3938	True
C43H67O8P	781.42106261529	6.916986931701423e-08	7	True
C39H75O13P	821.45823597445	7.451225251074811e-08	7	True
C36H65N3O15P2	880.35279890335	0.0	0	False
C38H74NO9P	758.47382646558	0.0	0	False
C41H78NO10P	814.50004121486	1.2476628163888279e-06	150	True
C43H87O7P	785.58264864049	6.570408644763667e-05	3047	True
C43H84NO7P	796.5622475478799	1.239337935716689e-05	784	True
C45H86NO6P	806.58298299222	1.6598848528562224e-08	2	True
C34H59O16P	793.31777931873	5.118947385742794e-08	5	True
C38H71O13P	805.42693584537	8.326243644197535e-09	2	True
C38H75N2O6P	725.49998164145	1.0709716188226661e-05	998	True
C34H57O16P	791.30212925419	1.0961291138302519e-07	13	True
C48H82NO7P	854.5465974833401	5.462039393055693e-08	11	True
C48H87O10P	893.56739250109	-7.677160124220214e-14	0	False
C47H93O10P	887.61434269471	0.0	0	False
C33H61O12P	719.3537709024699	3.187647339708854e-08	4	True
C48H96NO7P	868.65614793512	1.4245366887056625e-06	213	True
C33H59O11P	701.34320621773	6.429304049325954e-08	8	True
C46H89NO3	742.64795222983	0.0	0	False
C38H78NO7P	730.5152973542599	0.0	0	False
C43H85N2O6P	795.5782319641501	3.7520298441377154e-05	1774	True
C40H80NO13P	852.50043514	9.991073657745825e-08	12	True
C42H82NO6P	766.5516828631401	3.092798668328226e-05	873	True
C45H87O9P	841.57247788089	1.2376844415618382e-08	1	True
C31H55O14P	721.29664994925	6.929960370857474e-08	7	True
C50H97NO8	878.68512558899	0.0	0	False
C42H80NO6P	764.5360327986	1.2428579876788443e-05	187	True
C46H79O9P	845.5098776227301	1.0348811776016427e-07	11	True
C54H109NO5	890.79428211563	0.0	0	False
C38H76NO11P	792.47930577052	-9.481397999858841e-12	3	False
C46H92NO8P	856.61976242624	1.4458460852016253e-10	2	False
C44H79O10P	837.5047922429301	5.844387926045257e-08	6	True
C39H70NO10P	782.4374409567	4.227008937841871e-07	39	True
C40H78NO11P	818.49495583506	-4.570943119840617e-13	0	False
C47H95NO3	760.69490242345	7.336735356060756e-19	1	False
C42H78NO7P	778.5152973542599	-2.0629424050937315e-16	0	False
C38H73O10P	759.45784204931	0.0	0	False
C37H67O10P	741.41089185569	0.0	0	False
C47H94NO7P	854.64049787058	2.6793103901857263e-07	63	True
C39H76NO9P	772.48947653012	3.344034862552334e-10	35	False
C45H84NO7P	820.5622475478799	1.62071792943048e-06	114	True
C44H68NO10P	840.4217908921601	7.473433297528538e-07	66	True
C39H74NO7P	738.48399722518	9.560023858112855e-07	90	True
C38H76NO6P	712.5047326695201	4.253801756995775e-07	49	True
C47H78NO8P	854.5102119744599	1.1640878585809945e-06	170	True
C39H67O7P	717.42614799509	9.11262660689504e-07	200	True
C47H93NO3	758.6792523589099	0.0	0	False
C37H76NO7P	716.49964728972	0.0	0	False
C45H78NO9P	846.5051265946599	0.00047719040812719513	16506	True
C39H66NO8P	746.41631158722	9.186783403350054e-09	1	True
C47H90NO7P	850.6091977415	1.77272964932481e-10	4	False
C35H70NO9P	718.4425263365	0.0	0	False
C46H71O10P	853.44219198477	3.7001939892311875e-07	33	True
C42H78NO8P	794.5102119744599	3.9059912048456775e-07	32	True
C34H61O17P	811.32834400347	1.359588522002965e-08	1	True
C45H86NO8P	838.57281223262	1.2615595311611636e-07	10	True
C34H59NO15	760.35217670413	5.905586456126696e-08	6	True
C48H91O9P	881.60377800997	0.0	0	False
C43H84NO8P	812.55716216808	0.0006604895451284159	19251	True
C41H83NO5	708.59083127661	0.0	0	False
C44H81O9P	823.52552768727	2.1767561449492476e-06	166	True
C48H86NO8P	874.57281223262	2.163677059308977e-05	1886	True
C40H73O10P	783.45784204931	1.7265683445820316e-08	2	True
C42H68NO10P	816.4217908921601	1.4776192993434458e-07	15	True
C43H83O8P	797.54626313161	4.0438344740781575e-07	45	True
C47H78NO10P	886.50004121486	0.0	0	False
C36H64NO13P	788.37523462368	2.7587399038857725e-08	2	True
C44H81O10P	839.52044230747	0.0	0	False
C39H77O10P	775.48914217839	3.495487788192369e-12	23	False
C46H80NO9P	860.5207766592	3.284253245541616e-08	3	True
C44H87O9P	829.57247788089	5.310474160574593e-05	3884	True
C33H61O17P	799.32834400347	2.7495152750865715e-08	3	True
C47H93NO10	870.64365470031	0.0	0	False
C48H93NO3	770.6792523589099	0.0	0	False
C41H75O7P	749.4887482532499	0.0	0	False
C35H59O15P	789.32286469853	8.648238874416643e-09	1	True
C51H101NO5	846.73168185747	0.0	0	False
C43H85O10P	831.5517424365501	1.3667464295910768e-11	1	False
C48H95NO3	772.69490242345	0.0	0	False
C45H91NO5	764.65343153477	-9.516231056156616e-19	0	False
C36H74NO7P	702.48399722518	0.0	0	False
C48H94NO8P	882.63541249078	4.573390583711898e-06	286	True
C54H105NO4	870.76806736635	0.0	0	False
C44H82NO9P	838.5364267237401	0.0	0	False
C46H89NO8	822.6225253308301	0.0005106014606931517	10337	True
C39H69O10P	767.42654192023	6.838862858550359e-08	7	True
C33H54NO12P	726.30206968078	9.561637056034551e-08	8	True
C44H74NO10P	846.46874108578	1.4390790862489844e-05	639	True
C40H67O10P	777.41089185569	3.1155813904542774e-07	29	True
C48H76NO8P	864.49456190992	0.0	0	False
C40H78O13P2	867.4554730698601	0.00018693553819763882	12078	True
C44H84NO8P	824.55716216808	0.002683179314386129	26250	True
C42H79O9P	797.5098776227301	5.380624300131032e-08	3	True
C44H89NO4	734.64286685003	0.0	0	False
C48H85O10P	891.5517424365501	0.0	0	False
C37H72NO7P	712.46834716064	5.9111782008580184e-09	1	True
C37H74NO9P	746.47382646558	-3.238111439720867e-11	0	False
C47H84NO7P	844.5622475478799	0.0	0	False
C33H64NO10P	704.39049076308	3.941857274381561e-05	3117	True
C49H98NO7P	882.6717979996599	0.0	0	False
C48H90NO9P	894.5990269819	0.0	0	False
C47H97N2O6P	855.67213235139	3.8550052061566964e-13	1	False
C47H95N2O6P	853.65648228685	2.1417265092036e-05	992	True
C46H85O9P	851.55682781635	6.392405486878292e-07	47	True
C47H92NO8P	868.61976242624	5.7932350600581284e-08	3	True
C41H77NO10	782.51845418399	4.288976561927889e-07	60	True
C46H89O10P	871.58304256563	9.023116853078596e-06	157	True
C45H84NO8P	836.55716216808	6.498586758064372e-08	4	True
C46H80NO8P	844.525862039	0.0041558124615357975	26019	True
C43H87O9P	817.57247788089	0.0	0	False
C43H81NO9	794.55483969287	5.33868662714129e-07	58	True
C42H69O8P	771.43671267983	1.670699411793761e-06	111	True
C46H77O8P	827.49931293799	1.1541366879479976e-07	17	True
C41H76NO10P	812.48439115032	3.3293866117364787e-07	37	True
C34H64NO10P	716.39049076308	7.464935458310922e-08	8	True
C46H90NO10P	886.5939416021	0.0	0	False
C46H82NO9P	862.5364267237401	-4.709097411597367e-20	0	False
C43H85O9P	815.55682781635	2.7905321286068868e-08	3	True
C38H72NO10P	772.45309102124	5.577822507175631e-09	1	True
C48H92NO6P	848.62993318584	0.0	0	False
C36H69O10P	731.42654192023	1.504794875339042e-08	2	True
C44H78NO11P	866.49495583506	0.0	0	False
C46H84NO8P	848.55716216808	0.004949758282995512	26670	True
C46H93NO5	778.66908159931	0.0	0	False
C41H69O7P	743.44179805963	9.361472571250048e-09	1	True
C48H79O10P	885.5047922429301	0.0	0	False
C41H79NO8	752.54427500813	0.0	0	False
C44H76NO10P	848.48439115032	1.0491061222873761e-07	9	True
C44H82NO8P	822.5415121035401	0.00010691037000845296	7399	True
C40H74NO8P	766.47891184538	2.54569176735189e-07	38	True
C34H60NO12P	744.3490198744	3.799067755384676e-08	5	True
C53H105NO3	842.77315274615	0.0	0	False
C50H91NO9	888.63309001557	-2.1428535585473684e-19	2	False
C44H86NO8P	826.57281223262	0.009940144591316046	29387	True
C47H90NO8P	866.6041123617	0.0	0	False
C48H97NO4	790.70546710819	0.0	0	False
C45H89NO4	746.64286685003	0.0	0	False
C41H82NO9P	802.5364267237401	8.32452019076379e-13	1	False
C43H75O10P	821.47349211385	0.0002285572888210066	11718	True
C40H76NO10P	800.48439115032	4.028522175088996e-07	53	True
C48H97NO3	774.71055248799	0.0	0	False
C35H65O10P	715.39524179115	0.0	0	False
C44H79O13P	885.48953610353	0.0	0	False
C39H77O9P	759.49422755819	0.0	0	False
C53H107NO5	876.77863205109	-1.5549493915383003e-11	1	False
C50H82NO8P	894.5415121035401	8.065534119232255e-09	1	True
C37H75O7P	701.4887482532499	0.0	0	False
C37H72NO9P	744.45817640104	4.333174874566117e-07	47	True
C37H67O15P	821.38546495669	6.331922948520387e-08	8	True
C43H81NO8	778.55992507267	2.6170271121571077e-07	20	True
C46H90NO8P	854.6041123617	0.00016337624043870312	6331	True
C41H67O8P	757.42106261529	8.054492865639442e-08	7	True
C46H81O10P	863.52044230747	0.0	0	False
C41H79O9P	785.5098776227301	1.9282835249586745e-07	23	True
C46H89NO9	838.6174399510301	0.005011384450301336	19669	True
C41H68NO10P	804.4217908921601	2.180953428467843e-07	23	True
C38H68NO11P	784.41670551236	3.357356545785663e-08	4	True
C51H101NO3	814.74185261707	0.0	0	False
C41H76NO7P	764.49964728972	1.078496773001037e-06	74	True
C48H88NO7P	860.59354767696	1.191001227292852e-16	1	False
C37H73O9P	731.46292742911	1.1604845777417778e-08	2	True
C47H83O8P	845.54626313161	1.0153826865501108e-07	10	True
C46H91NO8	824.63817539537	1.078369420322677e-05	965	True
C44H81O8P	807.53061306707	0.0	0	False
C43H75O7P	773.4887482532499	-4.9576745135369025e-11	5	False
C34H59NO14	744.35726208393	4.801932252894041e-08	5	True
C41H81N2O7P	783.5418464552699	9.023110795809576e-09	1	True
C45H87NO8	808.60687526629	7.897178030747066e-09	1	True
C39H76NO7P	740.49964728972	0.00010711542003427785	4336	True
C35H61O16P	807.33342938327	4.109655707425853e-08	4	True
C40H73NO9	750.49223943471	0.0	0	False
C45H73O13P	891.44258590991	1.2244226113391007e-08	1	True
C46H77O9P	843.49422755819	1.3936353885504775e-07	15	True
C41H80NO8P	784.525862039	0.0022173488909413095	26123	True
C40H70NO8P	762.4476117163	1.6447418657855165e-07	33	True
C47H72NO8P	848.46326178084	2.432124620041626e-06	238	True
C35H68NO10P	732.4217908921601	6.027946259716584e-06	551	True
C46H84NO10P	880.54699140848	4.299890327930729e-07	37	True
C41H77O8P	767.49931293799	0.0028598675762957003	26967	True
C39H75O8P	741.4836628734499	0.002024166865468013	27794	True
C47H92NO7P	852.62484780604	3.181957086104833e-08	6	True
C48H92NO7P	864.62484780604	2.1054734789235254e-08	4	True
C41H73O13P	843.44258590991	3.2655982335571e-08	5	True
C42H78NO10P	826.50004121486	1.8786686539224208e-06	154	True
C45H88NO8P	840.58846229716	1.1490311820429003e-06	97	True
C45H79O10P	849.5047922429301	5.036167794052482e-06	426	True
C44H74NO9P	830.47382646558	1.8894251815445587e-05	1080	True
C42H75O13P	857.45823597445	0.0	0	False
C45H76NO7P	812.49964728972	0.00011523915259852073	6981	True
C35H67O10P	717.41089185569	0.0	0	False
C36H72NO7P	700.46834716064	0.0	0	False
C43H83NO3	700.60100203621	0.0	0	False
C42H76NO7P	776.49964728972	-1.08861404099309e-12	5	False
C39H67O10P	765.41089185569	0.0	0	False
C41H74NO7P	762.48399722518	3.0624661097879914e-05	1701	True
C44H87NO9	812.60178988649	1.82827580754419e-07	33	True
C38H75O8P	729.4836628734499	2.1517264660050588e-08	2	True
C43H71O8P	785.45236274437	0.0011932717200731744	24583	True
C44H77O10P	835.48914217839	6.94470554895654e-07	75	True
C39H73O9P	755.46292742911	1.805536443868553e-06	153	True
C31H58NO12P	706.33336980986	2.2756153053120586e-07	27	True
C41H81NO5	706.57518121207	0.0	0	False
C48H82NO9P	886.5364267237401	0.0	0	False
C45H85NO8	806.5912252017499	9.139122799487227e-09	1	True
C39H66NO10P	778.40614082762	2.378246413162183e-07	27	True
C38H77O9P	747.49422755819	1.2580248129258188e-07	10	True
C36H70NO9P	730.4425263365	0.0	0	False
C41H72N2O9	775.4874884066401	2.0370029107300148e-10	38	False
C45H89NO10	842.6123545712301	-4.861205740456614e-11	0	False
C44H75O10P	833.47349211385	1.1897975526904755e-06	93	True
C48H93O10P	899.61434269471	1.20126550154406e-07	52	True
C46H87NO9	836.60178988649	0.0004038274948173129	10034	True
C51H103NO4	832.7524173018099	0.0	0	False
C38H69O13P	803.41128578083	0.0	0	False
C49H91NO9	876.63309001557	8.627249505532823e-09	1	True
C40H77O7P	739.50439831779	8.130695222731326e-09	1	True
C42H82NO11P	846.52625596414	5.291223845677606e-07	152	True
C38H69O8P	723.43671267983	8.718894404856008e-07	83	True
C44H86NO10P	858.56264147302	2.480609531832447e-07	22	True
C39H69O13P	815.41128578083	3.746408882121875e-08	4	True
C40H72NO8P	764.46326178084	4.195806374307506e-08	5	True
C49H89NO9	874.6174399510301	0.0	0	False
C37H69O10P	743.42654192023	0.0	0	False
C38H73O13P	807.44258590991	2.3506091880688946e-11	3	False
C42H83N2O6P	781.56258189961	3.9750858480848343e-05	3197	True
C39H79O9P	761.5098776227301	1.5636652192213793e-07	18	True
C41H81O10P	803.52044230747	-1.5715231206352809e-12	1	False
C37H65O16P	835.3647295123501	2.0937873867274346e-08	2	True
C54H109NO4	874.79936749543	0.0	0	False
C45H79O12P	881.49462148333	0.0	0	False
C40H72NO9P	780.45817640104	6.612939395767653e-08	6	True
C32H58NO11P	702.33845518966	1.805639523891876e-07	15	True
C46H82NO8P	846.5415121035401	0.0014723209294053214	24112	True
C45H87O7P	809.58264864049	0.00010641427863321924	6410	True
C48H93NO9	866.64874008011	0.005247238426891981	19288	True
C46H80NO10P	876.5156912794	2.23304580815424e-05	1903	True
C33H58NO11P	714.33845518966	9.246887300814677e-08	9	True
C47H73O8P	835.46801280891	2.4286040550888957e-08	4	True
C48H93NO11	898.63856932051	1.0303751247759014e-08	1	True
C43H83O10P	829.53609237201	3.1003422745865614e-12	1	False
C41H79O10P	801.5047922429301	8.052976289312003e-09	2	True
C31H54NO12P	702.30206968078	2.327141609896333e-07	33	True
C38H76NO12P	808.47422039072	3.5623172536938145e-07	36	True
C40H79N2O7P	769.52619639073	9.17839388376427e-06	950	True
C52H103NO3	828.75750268161	0.0	0	False
C46H84NO7P	832.5622475478799	2.445130083099584e-08	1	True
C49H97NO5	818.70038172839	0.0	0	False
C50H98NO7P	894.6717979996599	4.176821621366361e-08	2	True
C49H93NO9	878.64874008011	1.5073695105436583e-05	918	True
C33H57NO15	746.3365266395899	1.0667228404309988e-07	11	True
C49H97NO10	898.67495482939	0.0	0	False
C37H68NO10P	756.4217908921601	2.3388637295536812e-08	3	True
C36H65O13P	775.3799856517501	8.769964610336648e-09	1	True
C54H107NO4	872.78371743089	-5.3308519517747945e-19	0	False
C43H74NO9P	818.47382646558	1.828647490035943e-06	85	True
C38H72NO8P	740.46326178084	8.54371165117745e-06	1031	True
C41H81O8P	771.53061306707	2.9679462318617164e-07	34	True
C47H79O8P	841.5149630025301	2.0468379426927207e-08	4	True
C42H84NO7P	784.5622475478799	0.00014687510072380772	9833	True
C41H63O8P	753.38976248621	4.5786198998587014e-09	2	True
C37H65O8P	707.40541255075	2.532666921653168e-08	4	True
C45H71O13P	889.42693584537	3.377961391953668e-07	28	True
C40H78NO7P	754.5152973542599	1.4868363262808336e-10	1	False
C43H73O8P	787.46801280891	0.0005634597216486517	18533	True
C43H69O8P	783.43671267983	1.3522685653932858e-06	119	True
C44H71O9P	813.44727736457	1.4786836211616488e-07	15	True
C47H69O8P	831.43671267983	6.810708189126882e-06	181	True
C42H81N2O6P	779.5469318350699	3.107264479478788e-07	24	True
C49H100NO7P	884.6874480642	0.0	0	False
C44H87O7P	797.58264864049	1.7359356501386434e-08	3	True
C41H81O12P	835.5102715478699	2.794478864137624e-07	31	True
C46H91O10P	873.59869263017	1.3170726522602114e-07	10	True
C40H77O13P	835.47388603899	7.478102577718635e-12	5	False
C45H89O12P	891.57287180603	2.4856774318524853e-19	5	False
C44H87O12P	877.55722174149	0.0	0	False
C41H75O10P	797.47349211385	3.8746674589597177e-07	26	True
C36H69O13P	779.41128578083	8.909957216325906e-09	1	True
C44H86NO7P	810.57789761242	8.865912317451183e-07	69	True
C37H73N2O7P	727.47924619711	2.5141144780563664e-08	3	True
C36H63O12P	757.36942096701	1.4640526895454153e-08	1	True
C42H81O7P	767.53569844687	6.404252513608189e-08	8	True
C46H78NO7P	826.5152973542599	1.9355614336626796e-08	3	True
C38H71NO8	708.48167474997	4.829095714407388e-07	49	True
C43H79O7P	777.5200483823301	-5.868860257513014e-15	0	False
C41H76NO9P	796.48947653012	4.40989241267443e-05	2332	True
C44H87NO4	732.62721678549	0.0	0	False
C44H73O13P	879.44258590991	3.239028263573349e-08	4	True
C43H83O13P	877.52083623261	2.921400523814622e-06	320	True
C39H67O15P	845.38546495669	6.526170149436363e-08	5	True
C41H69O8P	759.43671267983	7.397257316726258e-07	67	True
C42H82NO7P	782.5465974833401	2.100658809517038e-06	232	True
C41H79O7P	753.5200483823301	4.208546357147183e-08	3	True
C34H66NO10P	718.40614082762	7.784229632415601e-09	1	True
C50H99NO5	832.71603179293	0.0	0	False
C45H74NO8P	826.47891184538	1.952210770974869e-05	1372	True
C46H77O10P	859.48914217839	1.814866857745381e-06	113	True
C38H71O7P	709.45744812417	1.0324670682555605e-07	9	True
C43H79O12P	857.49462148333	4.501485190647199e-08	5	True
C48H93NO4	786.6741669791099	0.0	0	False
C44H89O7P	799.59829870503	1.5015799398885264e-08	3	True
C49H97NO9	882.68004020919	-1.495347676992042e-11	0	False
C43H78NO7P	790.5152973542599	0.00033480706368565984	13375	True
C46H79O8P	829.5149630025301	8.40555131139243e-07	125	True
C43H65O8P	779.40541255075	2.7725989436890786e-08	2	True
C44H87N2O6P	809.59388202869	0.0001189247617272145	6349	True
C41H75O8P	765.4836628734499	0.000645654638189255	20083	True
C36H69O9P	715.43162730003	9.529444540695638e-08	12	True
C44H83O10P	841.53609237201	0.0	0	False
C48H97NO5	806.70038172839	0.0	0	False
C44H78NO10P	850.50004121486	2.5541401806555637e-05	1495	True
C41H72NO7P	760.46834716064	0.0	0	False
C37H67O8P	709.42106261529	8.79625564263737e-06	712	True
C32H57O16P	767.30212925419	0.0	0	False
C44H85O9P	827.55682781635	5.847336608664908e-06	542	True
C45H81O12P	883.5102715478699	0.0	0	False
C41H68NO8P	772.43196165176	4.957668735269055e-08	6	True
C43H87N2O6P	797.59388202869	0.0001265730408102938	3813	True
C46H85O10P	867.5517424365501	0.0	0	False
C32H55O13P	717.30173532905	6.258083946566301e-09	3	True
C39H67O8P	733.42106261529	1.0357755103738457e-07	12	True
C44H81O13P	887.5051861680699	0.0	0	False
C42H67O8P	769.42106261529	1.1416411652809336e-08	1	True
C48H86NO7P	858.57789761242	5.955006136464259e-16	1	False
C43H87NO5	736.62213140569	0.0	0	False
C42H72NO8P	788.46326178084	1.4565938940979822e-07	23	True
C46H92NO7P	840.62484780604	1.1282035829419518e-06	221	True
C41H77NO8	750.52862494359	5.136482663658871e-07	56	True
C42H83NO5	720.59083127661	5.351691048727562e-07	49	True
C52H103NO4	844.7524173018099	0.0	0	False
C43H73O13P	867.44258590991	3.00627810542976e-08	3	True
C40H75O9P	769.4785774936499	3.1817509479496847e-06	257	True
C45H91NO3	732.66360229437	0.0	0	False
C38H74NO11P	790.46365570598	3.8915772484986015e-08	6	True
C48H84NO9P	888.55207678828	0.0	0	False
C49H97NO4	802.70546710819	0.0	0	False
C43H85O8P	799.56191319615	4.35187419892879e-08	5	True
C47H80NO8P	856.525862039	3.1287030303393415e-05	2198	True
C45H85O7P	807.56699857595	3.4603138192902976e-06	211	True
C49H84NO8P	884.55716216808	0.0	0	False
C42H83O8P	785.54626313161	2.350339407207233e-08	4	True
C41H73O8P	763.46801280891	6.409845092756614e-05	5036	True
C47H91O8P	853.60886338977	1.6532167390941548e-08	2	True
C43H85NO4	718.61156672095	0.0	0	False
C39H78NO8P	758.5102119744599	0.0010846708679010267	23629	True
C44H69O10P	827.42654192023	1.5871013263562535e-06	126	True
C46H78NO6P	810.5203827340599	4.160054213486066e-07	50	True
C37H71O12P	777.43202122517	1.8471013898612652e-07	18	True
C43H89N2O6P	799.60953209323	1.5173762975771355e-08	2	True
C45H87NO9	824.60178988649	1.3786347494318715e-05	821	True
C48H95O9P	885.6350781390499	-6.22657173695907e-19	0	False
C45H78NO7P	814.5152973542599	0.000808648627557342	20477	True
C48H84NO6P	840.56733292768	0.0	0	False
C45H89NO5	762.63778147023	0.0	0	False
C45H91NO4	748.65851691457	0.0	0	False
C44H85NO10	826.5810544421499	0.0	0	False
C39H63O8P	729.38976248621	6.987012137572047e-08	9	True
C43H88NO7P	800.59354767696	1.6350748477443846e-08	2	True
C46H78NO10P	874.50004121486	0.001035409146256033	21057	True
C39H69O8P	735.43671267983	0.00021639944298253822	9181	True
C45H81O13P	899.5051861680699	1.4080244380602936e-07	16	True
C32H57O12P	703.32247077339	3.978042880015355e-08	6	True
C36H71O9P	717.44727736457	5.659193666112063e-09	1	True
C40H82NO7P	758.5465974833401	1.5012682765998852e-05	1307	True
C39H78NO7P	742.5152973542599	4.246057997101105e-07	42	True
C38H73O8P	727.46801280891	3.4195412861758575e-05	2839	True
C40H78NO10P	802.50004121486	1.650562674743658e-10	1	False
C39H71O8P	737.45236274437	0.0002616776388385614	12513	True
C43H72NO8P	800.46326178084	6.821305439010446e-06	519	True
C39H74NO6P	722.48908260498	4.834239282858942e-07	58	True
C38H73NO9	726.49223943471	8.235020841596289e-08	14	True
C40H69O8P	747.43671267983	3.248497622952302e-07	41	True
C40H80NO8P	772.525862039	0.028946212877352606	36097	True
C47H74NO8P	850.47891184538	3.6299181584758125e-06	265	True
C39H78NO9P	774.5051265946599	1.5608451307191356e-12	2	False
C45H87N2O6P	821.59388202869	5.784285483729902e-08	6	True
C30H54NO13P	706.2969843009801	1.9896380982929312e-07	27	True
C41H77O10P	799.48914217839	1.7204436456259445e-08	2	True
C36H75N2O6P	701.49998164145	0.0	0	False
C44H80NO7P	804.5309474188	1.0895944390056854e-10	11	False
C45H79O13P	897.48953610353	1.7663862204887091e-06	281	True
C37H66NO10P	754.40614082762	4.858690300429654e-07	51	True
C39H72NO8P	752.46326178084	4.138245497556589e-07	53	True
C45H74NO10P	858.46874108578	0.0	0	False
C49H94NO8P	894.63541249078	8.079341569885499e-19	1	False
C39H65O8P	731.40541255075	1.0691986912681085e-07	11	True
C43H77O7P	775.50439831779	-3.302067040406653e-11	2	False
C41H73O10P	795.45784204931	0.00011956699183031852	7316	True
C45H84NO10P	868.54699140848	0.0	0	False
C47H82NO7P	842.5465974833401	1.1282918889663285e-08	3	True
C45H79O8P	817.5149630025301	8.535180728431317e-06	784	True
C42H76NO8P	792.49456190992	4.450947664564318e-06	442	True
C43H78NO9P	822.5051265946599	0.0017403902062201472	28174	True
C31H59O17P	773.31269393893	2.208504551302271e-08	2	True
C39H68NO10P	780.4217908921601	6.334751503197614e-07	69	True
C37H72NO8P	728.46326178084	7.975715949379793e-07	116	True
C47H86NO7P	846.57789761242	1.2102612769183595e-08	1	True
C37H64NO8P	720.4006615226799	7.285737044982923e-08	10	True
C42H74NO10P	822.46874108578	2.0762257256184477e-06	188	True
C47H84NO10P	892.54699140848	4.5393294177960185e-19	1	False
C41H83O9P	789.54117775181	6.306188517738387e-07	66	True
C49H95NO4	800.68981704365	0.0	0	False
C45H78NO6P	798.5203827340599	1.1238391448926225e-08	1	True
C41H77NO9	766.52353956379	2.3825219966640232e-06	283	True
C46H86NO7P	834.57789761242	8.299371344158214e-09	1	True
C45H80NO7P	816.5309474188	3.822591705535904e-05	3511	True
C40H75O10P	785.47349211385	2.2490859678693848e-07	25	True
C47H93O8P	855.62451345431	1.0218314270895487e-08	2	True
C43H84NO10P	844.54699140848	0.0	0	False
C46H85O12P	899.5415716769501	8.529395313904899e-08	8	True
C45H87O8P	825.57756326069	6.739203317983801e-08	8	True
C44H76NO9P	832.48947653012	4.302738938659883e-08	4	True
C47H91O10P	885.59869263017	2.4187230647613967e-13	1	False
C36H64NO12P	772.3803200034799	1.9874707299122993e-07	22	True
C45H72NO10P	856.45309102124	1.0974757958152095e-08	1	True
C42H84NO6P	768.56733292768	3.068052324923306e-06	571	True
C37H72NO10P	760.45309102124	1.5360172857745093e-06	166	True
C39H79N2O6P	741.53128177053	0.0001661668981715969	4550	True
C46H78NO9P	858.5051265946599	2.798747100972923e-07	24	True
C47H89NO9	850.6174399510301	7.734089520123566e-05	3579	True
C47H87O10P	881.56739250109	0.0	0	False
C37H66NO8P	722.41631158722	1.5701989188049888e-08	2	True
C42H83O12P	849.52592161241	1.63898141689779e-05	1496	True
C47H83O10P	877.53609237201	0.0	0	False
C43H86NO9P	830.56772685282	8.420343073329015e-05	4887	True
C44H85NO9	810.5861398219499	0.00034294989670856607	9857	True
C39H75O9P	757.4785774936499	0.0	0	False
C45H78NO8P	830.5102119744599	0.00499927739591611	26124	True
C34H65O13P	751.3799856517501	1.5607292471037185e-08	1	True
C42H77O8P	779.49931293799	2.1449393936922104e-08	3	True
C34H59NO13	728.36234746373	8.595252832245982e-09	1	True
C40H69O10P	779.42654192023	5.193789986710949e-06	401	True
C50H78NO8P	890.5102119744599	2.010640270092896e-19	1	False
C48H74NO10P	894.46874108578	4.781252024943233e-08	6	True
C43H74NO8P	802.47891184538	0.0012937411386724446	23439	True
C42H85NO4	706.61156672095	0.0	0	False
C45H77O7P	799.50439831779	-8.965518031770816e-19	0	False
C50H84NO8P	896.55716216808	0.0	0	False
C34H62NO10P	714.3748406985401	9.041950016407763e-08	10	True
C49H95NO9	880.66439014465	7.241567590303413e-05	3413	True
C41H71O10P	793.44219198477	2.6510474099606743e-06	264	True
C44H85NO13	874.56579830275	6.955577656807859e-08	26	True
C46H91O9P	857.60377800997	2.5405816821482586e-10	2	False
C38H79N2O7P	745.52619639073	0.0	0	False
C40H66NO10P	790.40614082762	1.7931321973065643e-08	2	True
C45H91O9P	845.60377800997	-3.016781926001744e-12	0	False
C43H80NO10P	840.5156912794	2.7469967331091623e-08	4	True
C43H86NO8P	814.57281223262	-1.7868287744880147e-11	2	False
C43H83O12P	861.52592161241	0.0	0	False
C33H62NO10P	702.3748406985401	2.5732082168914663e-07	27	True
C38H75O12P	793.46332135425	1.0890510227035111e-07	13	True
C47H91NO8	836.63817539537	0.00014938901537111038	5732	True
C47H84NO8P	860.55716216808	1.1097930175049146e-08	1	True
C39H71O13P	817.42693584537	7.27269076112921e-09	1	True
C36H65O12P	759.3850710315501	2.2677478300857893e-08	1	True
C41H77O13P	847.47388603899	3.8273315531806584e-08	7	True
C46H73O10P	855.45784204931	3.894884021265197e-08	4	True
C43H81O13P	875.5051861680699	1.3224346693648407e-05	2080	True
C48H94NO9P	898.63032711098	-3.317975086711816e-20	1	False
C44H86NO9P	842.56772685282	3.446113305454986e-08	4	True
C44H75O9P	817.4785774936499	2.3209445580964247e-08	2	True
C42H84NO11P	848.5419060286799	4.540328226500809e-07	78	True
C46H72NO10P	868.45309102124	3.5746612344585574e-06	268	True
C31H52NO12P	700.28641961624	5.990375847241704e-08	7	True
C46H95N2O6P	841.65648228685	0.0	0	False
C38H71O8P	725.45236274437	4.03694914303985e-06	446	True
C42H85O9P	803.55682781635	6.93554104254724e-05	6418	True
C42H75O9P	793.4785774936499	1.974542694098698e-07	19	True
C36H64NO8P	708.4006615226799	1.5216485867911467e-08	5	True
C42H77NO9	778.52353956379	2.7253429697050604e-15	1	False
C46H87O10P	869.56739250109	3.644255042179014e-08	4	True
C38H71O10P	757.44219198477	0.0	0	False
C39H75NO8	724.51297487905	2.2635784268637325e-08	3	True
C46H74NO10P	870.46874108578	3.559738923892406e-05	1578	True
C37H70NO9P	742.4425263365	3.9403953725774485e-08	4	True
C33H57O16P	779.30212925419	0.0	0	False
C38H70NO8P	738.4476117163	1.8377438942144907e-08	4	True
C42H79NO9	780.53918962833	2.035623622259055e-06	169	True
C44H70NO10P	842.4374409567	2.51754483773655e-06	208	True
C39H74O11P2	819.4343437003799	8.814260528586749e-08	8	True
C44H88NO8P	828.58846229716	9.636061804131365e-07	116	True
C42H81O9P	799.52552768727	1.2181460394534523e-08	4	True
C47H81O10P	875.52044230747	2.997459129803014e-07	33	True
C40H71O10P	781.44219198477	2.617723640256868e-07	23	True
C49H96NO8P	896.65106255532	0.0	0	False
C44H88NO6P	796.59863305676	1.3030595678332037e-07	17	True
C47H85O8P	847.56191319615	3.3607730845691544e-08	3	True
C40H80NO11P	820.5106058996	2.900649977847721e-10	3	False
C45H83O10P	853.53609237201	1.4410800257048541e-07	11	True
C47H93NO5	790.66908159931	0.0	0	False
C45H82NO8P	834.5415121035401	0.0006199951877384319	19798	True
C43H83O7P	781.55134851141	7.5934319709713026e-06	662	True
C48H91NO8	848.63817539537	0.003859349048805924	17611	True
C43H71O10P	817.44219198477	6.741520151614592e-07	54	True
C34H63O13P	749.36433558721	0.0	0	False
C43H77O12P	855.47897141879	6.023553598688666e-06	443	True
C37H65O15P	819.3698148921501	1.8614889368561637e-08	3	True
C40H67O8P	745.42106261529	1.4907383056788509e-06	109	True
C38H67O8P	721.42106261529	2.1471625719161588e-07	26	True
C36H71N2O7P	713.46359613257	0.0	0	False
C48H95NO8	852.66947552445	8.624078097126584e-06	669	True
C38H68NO8P	736.43196165176	2.2075859117228946e-08	9	True
C38H69NO8	706.4660246854299	3.5934280502162384e-08	4	True
C40H79O10P	789.5047922429301	1.4881117518719408e-05	2456	True
C45H77O12P	879.47897141879	2.9351274507683038e-08	2	True
C47H94NO8P	870.63541249078	0.0	0	False
C46H89O9P	855.58812794543	1.3812046411355749e-08	2	True
C42H73O13P	855.44258590991	1.4031793560294765e-08	1	True
C34H66NO9P	702.41122620742	5.1410525260334906e-06	544	True
C34H62NO13P	762.35958455914	1.6402718791668164e-10	3	False
C47H91NO9	852.63309001557	0.0017489839640748152	16664	True
C42H66NO10P	814.40614082762	9.303231184949687e-08	6	True
C43H80NO9P	824.5207766592	1.1689477273758124e-07	12	True
C42H81O10P	815.52044230747	1.1686363023036219e-05	2117	True
C45H73O8P	811.46801280891	4.650937175586363e-05	3180	True
C33H59O15P	765.32286469853	1.967204655942109e-08	2	True
C46H70NO10P	866.4374409567	2.4663904005846095e-07	21	True
C44H83NO8	792.57557513721	6.10898561580516e-06	573	True
C45H78NO10P	862.50004121486	7.610836708823728e-08	7	True
C44H75O8P	801.4836628734499	3.1043048242872896e-07	32	True
C42H80NO8P	796.525862039	0.0013904343587484978	25414	True
C43H85NO3	702.61665210075	0.0	0	False
C40H81O7P	743.53569844687	1.044278330879684e-07	17	True
C44H82NO7P	806.5465974833401	6.911292692052437e-08	5	True
C43H80NO8P	808.525862039	1.6832293771550443e-06	196	True
C38H70NO10P	770.4374409567	0.0	0	False
C40H79N2O6P	753.53128177053	4.783550820580718e-06	496	True
C43H86NO7P	798.57789761242	1.997098507319747e-10	2	False
C37H69O13P	791.41128578083	8.276777675599455e-09	2	True
C40H83N2O6P	757.56258189961	1.4351875728053996e-08	1	True
C42H81O12P	847.5102715478699	3.920261953571352e-06	745	True
C44H87NO6	764.61704602589	0.0	0	False
C48H80NO7P	852.5309474188	3.7956437749318005e-08	2	True
C45H75O13P	893.45823597445	0.0	0	False
C48H88NO6P	844.59863305676	-6.370054666478794e-19	0	False
C42H77O12P	843.47897141879	2.9470375976871685e-07	30	True
C42H83NO8	768.57557513721	1.5748239274338806e-07	17	True
C42H85NO5	722.60648134115	6.272994076384961e-09	1	True
C48H80NO8P	868.525862039	3.746836150931394e-08	3	True
C43H76NO10P	836.48439115032	3.454082103351101e-08	4	True
C43H76NO7P	788.49964728972	0.00017275366080984832	9612	True
C50H88NO7P	884.59354767696	1.1965564086284642e-08	1	True
C41H73O7P	747.47309818871	0.0	0	False
C40H75NO9	752.50788949925	4.6513515456629843e-07	41	True
C44H73O10P	831.45784204931	2.6956074542366146e-06	193	True
C39H77O8P	743.49931293799	1.5300763516732608e-07	22	True
C38H68NO10P	768.4217908921601	1.2824630737484898e-07	12	True
C42H79O12P	845.49462148333	0.00022129444890432143	12658	True
C42H84NO9P	816.55207678828	2.261166956612462e-06	213	True
